Workbook

Sheet raw
B1: 1988Q1 | C1: 1988Q2 | D1: 1988Q3 | E1: 1988Q4 | F1: 1989Q1 | G1: 1989Q2 | H1: 1989Q3 | I1: 1989Q4 | J1: 1990Q1 | K1: 1990Q2 | L1: 1990Q3 | M1: 1990Q4 | N1: 1991Q1 | O1: 1991Q2 | P1: 1991Q3 | Q1: 1991Q4 | R1: 1992Q1 | S1: 1992Q2 | T1: 1992Q3 | U1: 1992Q4 | V1: 1993Q1 | W1: 1993Q2 | X1: 1993Q3 | Y1: 1993Q4 | Z1: 1994Q1 | AA1: 1994Q2 | AB1: 1994Q3 | AC1: 1994Q4 | AD1: 1995Q1 | AE1: 1995Q2 | AF1: 1995Q3 | AG1: 1995Q4 | AH1: 1996Q1 | AI1: 1996Q2 | AJ1: 1996Q3 | AK1: 1996Q4 | AL1: 1997Q1 | AM1: 1997Q2 | AN1: 1997Q3 | AO1: 1997Q4 | AP1: 1998Q1 | AQ1: 1998Q2 | AR1: 1998Q3 | AS1: 1998Q4 | AT1: 1999Q1 | AU1: 1999Q2 | AV1: 1999Q3 | AW1: 1999Q4 | AX1: 2000Q1 | AY1: 2000Q2 | AZ1: 2000Q3 | BA1: 2000Q4 | BB1: 2001Q1 | BC1: 2001Q2 | BD1: 2001Q3 | BE1: 2001Q4 | BF1: 2002Q1 | BG1: 2002Q2 | BH1: 2002Q3 | BI1: 2002Q4 | BJ1: 2003Q1 | BK1: 2003Q2 | BL1: 2003Q3 | BM1: 2003Q4 | BN1: 2004Q1 | BO1: 2004Q2 | BP1: 2004Q3 | BQ1: 2004Q4 | BR1: 2005Q1 | BS1: 2005Q2 | BT1: 2005Q3 | BU1: 2005Q4 | BV1: 2006Q1 | BW1: 2006Q2 | BX1: 2006Q3 | BY1: 2006Q4 | BZ1: 2007Q1 | CA1: 2007Q2 | CB1: 2007Q3 | CC1: 2007Q4 | CD1: 2008Q1 | CE1: 2008Q2 | CF1: 2008Q3 | CG1: 2008Q4 | CH1: 2009Q1 | CI1: 2009Q2 | CJ1: 2009Q3 | CK1: 2009Q4 | CL1: 2010Q1 | CM1: 2010Q2 | CN1: 2010Q3 | CO1: 2010Q4 | CP1: 2011Q1 | CQ1: 2011Q2 | CR1: 2011Q3 | CS1: 2011Q4 | CT1: 2012Q1 | CU1: 2012Q2 | CV1: 2012Q3 | CW1: 2012Q4 | CX1: 2013Q1 | CY1: 2013Q2 | CZ1: 2013Q3 | DA1: 2013Q4 | DB1: 2014Q1 | DC1: 2014Q2 | DD1: 2014Q3 | DE1: 2014Q4 | DF1: 2015Q1 | DG1: 2015Q2 | DH1: 2015Q3 | DI1: 2015Q4 | DJ1: 2016Q1 | DK1: 2016Q2 | DL1: 2016Q3 | DM1: 2016Q4 | DN1: 2017Q1 | DO1: 2017Q2 | DP1: 2017Q3 | DQ1: 2017Q4 | DR1: 2018Q1 | DS1: 2018Q2 | DT1: 2018Q3 | DU1: 2018Q4 | DV1: 2019Q1 | DW1: 2019Q2 | DX1: 2019Q3 | DY1: 2019Q4 | DZ1: 2020Q1 | EA1: 2020Q2 | EB1: 2020Q3 | EC1: 2020Q4 | ED1: 2021Q1 | EE1: 2021Q2 | EF1: 2021Q3
A2: 26023 | B2: NaN | C2: NaN | D2: NaN | E2: NaN | F2: NaN | G2: NaN | H2: NaN | I2: NaN | J2: NaN | K2: NaN | L2: NaN | M2: NaN | N2: NaN | O2: NaN | P2: NaN | Q2: NaN | R2: NaN | S2: NaN | T2: NaN | U2: NaN | V2: NaN | W2: NaN | X2: NaN | Y2: NaN | Z2: NaN | AA2: NaN | AB2: NaN | AC2: NaN | AD2: NaN | AE2: NaN | AF2: NaN | AG2: NaN | AH2: NaN | AI2: NaN | AJ2: NaN | AK2: NaN | AL2: NaN | AM2: NaN | AN2: NaN | AO2: NaN | AP2: NaN | AQ2: NaN | AR2: NaN | AS2: NaN | AT2: NaN | AU2: NaN | AV2: NaN | AW2: NaN | AX2: NaN | AY2: NaN | AZ2: NaN | BA2: NaN | BB2: NaN | BC2: NaN | BD2: NaN | BE2: NaN | BF2: NaN | BG2: NaN | BH2: NaN | BI2: NaN | BJ2: NaN | BK2: NaN | BL2: NaN | BM2: NaN | BN2: NaN | BO2: NaN | BP2: NaN | BQ2: NaN | BR2: NaN | BS2: NaN | BT2: NaN | BU2: NaN | BV2: NaN | BW2: NaN | BX2: NaN | BY2: NaN | BZ2: NaN | CA2: NaN | CB2: NaN | CC2: NaN | CD2: NaN | CE2: NaN | CF2: NaN | CG2: NaN | CH2: NaN | CI2: NaN | CJ2: NaN | CK2: NaN | CL2: NaN | CM2: NaN | CN2: NaN | CO2: NaN | CP2: NaN | CQ2: NaN | CR2: NaN | CS2: NaN | CT2: NaN | CU2: NaN | CV2: NaN | CW2: NaN | CX2: NaN | CY2: NaN | CZ2: NaN | DA2: NaN | DB2: NaN | DC2: NaN | DD2: NaN | DE2: NaN | DF2: NaN | DG2: NaN | DH2: NaN | DI2: NaN | DJ2: NaN | DK2: NaN | DL2: NaN | DM2: NaN | DN2: NaN | DO2: NaN | DP2: 0.83 | DQ2: 0.85 | DR2: 0.85 | DS2: 0.86 | DT2: 0.87 | DU2: 0.87 | DV2: 0.88 | DW2: 0.89 | DX2: 0.9 | DY2: 0.91 | DZ2: 0.92 | EA2: 0.92 | EB2: 0.97583 | EC2: 0.9864 | ED2: 0.99516 | EE2: 1.00454 | EF2: 1.00582
A3: 26114 | B3: NaN | C3: NaN | D3: NaN | E3: NaN | F3: NaN | G3: NaN | H3: NaN | I3: NaN | J3: NaN | K3: NaN | L3: NaN | M3: NaN | N3: NaN | O3: NaN | P3: NaN | Q3: NaN | R3: NaN | S3: NaN | T3: NaN | U3: NaN | V3: NaN | W3: NaN | X3: NaN | Y3: NaN | Z3: NaN | AA3: NaN | AB3: NaN | AC3: NaN | AD3: NaN | AE3: NaN | AF3: NaN | AG3: NaN | AH3: NaN | AI3: NaN | AJ3: NaN | AK3: NaN | AL3: NaN | AM3: NaN | AN3: NaN | AO3: NaN | AP3: NaN | AQ3: NaN | AR3: NaN | AS3: NaN | AT3: NaN | AU3: NaN | AV3: NaN | AW3: NaN | AX3: NaN | AY3: NaN | AZ3: NaN | BA3: NaN | BB3: NaN | BC3: NaN | BD3: NaN | BE3: NaN | BF3: NaN | BG3: NaN | BH3: NaN | BI3: NaN | BJ3: NaN | BK3: NaN | BL3: NaN | BM3: NaN | BN3: NaN | BO3: NaN | BP3: NaN | BQ3: NaN | BR3: NaN | BS3: NaN | BT3: NaN | BU3: NaN | BV3: NaN | BW3: NaN | BX3: NaN | BY3: NaN | BZ3: NaN | CA3: NaN | CB3: NaN | CC3: NaN | CD3: NaN | CE3: NaN | CF3: NaN | CG3: NaN | CH3: NaN | CI3: NaN | CJ3: NaN | CK3: NaN | CL3: NaN | CM3: NaN | CN3: NaN | CO3: NaN | CP3: NaN | CQ3: NaN | CR3: NaN | CS3: NaN | CT3: NaN | CU3: NaN | CV3: NaN | CW3: NaN | CX3: NaN | CY3: NaN | CZ3: NaN | DA3: NaN | DB3: NaN | DC3: NaN | DD3: NaN | DE3: NaN | DF3: NaN | DG3: NaN | DH3: NaN | DI3: NaN | DJ3: NaN | DK3: NaN | DL3: NaN | DM3: NaN | DN3: NaN | DO3: NaN | DP3: 0.74 | DQ3: 0.77 | DR3: 0.78 | DS3: 0.79 | DT3: 0.8 | DU3: 0.81 | DV3: 0.82 | DW3: 0.83 | DX3: 0.84 | DY3: 0.86 | DZ3: 0.86 | EA3: 0.88 | EB3: 0.9238 | EC3: 0.93449 | ED3: 0.94244 | EE3: 0.95533 | EF3: 0.9555
A4: 26206 | B4: NaN | C4: NaN | D4: NaN | E4: NaN | F4: NaN | G4: NaN | H4: NaN | I4: NaN | J4: NaN | K4: NaN | L4: NaN | M4: NaN | N4: NaN | O4: NaN | P4: NaN | Q4: NaN | R4: NaN | S4: NaN | T4: NaN | U4: NaN | V4: NaN | W4: NaN | X4: NaN | Y4: NaN | Z4: NaN | AA4: NaN | AB4: NaN | AC4: NaN | AD4: NaN | AE4: NaN | AF4: NaN | AG4: NaN | AH4: NaN | AI4: NaN | AJ4: NaN | AK4: NaN | AL4: NaN | AM4: NaN | AN4: NaN | AO4: NaN | AP4: NaN | AQ4: NaN | AR4: NaN | AS4: NaN | AT4: NaN | AU4: NaN | AV4: NaN | AW4: NaN | AX4: NaN | AY4: NaN | AZ4: NaN | BA4: NaN | BB4: NaN | BC4: NaN | BD4: NaN | BE4: NaN | BF4: NaN | BG4: NaN | BH4: NaN | BI4: NaN | BJ4: NaN | BK4: NaN | BL4: NaN | BM4: NaN | BN4: NaN | BO4: NaN | BP4: NaN | BQ4: NaN | BR4: NaN | BS4: NaN | BT4: NaN | BU4: NaN | BV4: NaN | BW4: NaN | BX4: NaN | BY4: NaN | BZ4: NaN | CA4: NaN | CB4: NaN | CC4: NaN | CD4: NaN | CE4: NaN | CF4: NaN | CG4: NaN | CH4: NaN | CI4: NaN | CJ4: NaN | CK4: NaN | CL4: NaN | CM4: NaN | CN4: NaN | CO4: NaN | CP4: NaN | CQ4: NaN | CR4: NaN | CS4: NaN | CT4: NaN | CU4: NaN | CV4: NaN | CW4: NaN | CX4: NaN | CY4: NaN | CZ4: NaN | DA4: NaN | DB4: NaN | DC4: NaN | DD4: NaN | DE4: NaN | DF4: NaN | DG4: NaN | DH4: NaN | DI4: NaN | DJ4: NaN | DK4: NaN | DL4: NaN | DM4: NaN | DN4: NaN | DO4: NaN | DP4: 1.89 | DQ4: 1.81 | DR4: 1.79 | DS4: 1.78 | DT4: 1.78 | DU4: 1.77 | DV4: 1.78 | DW4: 1.79 | DX4: 1.77 | DY4: 1.77 | DZ4: 1.79 | EA4: 1.82 | EB4: 2.13122 | EC4: 2.13726 | ED4: 2.13964 | EE4: 2.12659 | EF4: 2.13064
A5: 26298 | B5: NaN | C5: NaN | D5: NaN | E5: NaN | F5: NaN | G5: NaN | H5: NaN | I5: NaN | J5: NaN | K5: NaN | L5: NaN | M5: NaN | N5: NaN | O5: NaN | P5: NaN | Q5: NaN | R5: NaN | S5: NaN | T5: NaN | U5: NaN | V5: NaN | W5: NaN | X5: NaN | Y5: NaN | Z5: NaN | AA5: NaN | AB5: NaN | AC5: NaN | AD5: NaN | AE5: NaN | AF5: NaN | AG5: NaN | AH5: NaN | AI5: NaN | AJ5: NaN | AK5: NaN | AL5: NaN | AM5: NaN | AN5: NaN | AO5: NaN | AP5: NaN | AQ5: NaN | AR5: NaN | AS5: NaN | AT5: NaN | AU5: NaN | AV5: NaN | AW5: NaN | AX5: NaN | AY5: NaN | AZ5: NaN | BA5: NaN | BB5: NaN | BC5: NaN | BD5: NaN | BE5: NaN | BF5: NaN | BG5: NaN | BH5: NaN | BI5: NaN | BJ5: NaN | BK5: NaN | BL5: NaN | BM5: NaN | BN5: NaN | BO5: NaN | BP5: NaN | BQ5: NaN | BR5: NaN | BS5: NaN | BT5: NaN | BU5: NaN | BV5: NaN | BW5: NaN | BX5: NaN | BY5: NaN | BZ5: NaN | CA5: NaN | CB5: NaN | CC5: NaN | CD5: NaN | CE5: NaN | CF5: NaN | CG5: NaN | CH5: NaN | CI5: NaN | CJ5: NaN | CK5: NaN | CL5: NaN | CM5: NaN | CN5: NaN | CO5: NaN | CP5: NaN | CQ5: NaN | CR5: NaN | CS5: NaN | CT5: NaN | CU5: NaN | CV5: NaN | CW5: NaN | CX5: NaN | CY5: NaN | CZ5: NaN | DA5: NaN | DB5: NaN | DC5: NaN | DD5: NaN | DE5: NaN | DF5: NaN | DG5: NaN | DH5: NaN | DI5: NaN | DJ5: NaN | DK5: NaN | DL5: NaN | DM5: NaN | DN5: NaN | DO5: NaN | DP5: 1.08 | DQ5: 1.04 | DR5: 1.03 | DS5: 1.02 | DT5: 1.02 | DU5: 1.03 | DV5: 1.03 | DW5: 1.04 | DX5: 1.03 | DY5: 1.04 | DZ5: 1.05 | EA5: 1.08 | EB5: 1.25 | EC5: 1.25578 | ED5: 1.25776 | EE5: 1.24961 | EF5: 1.25335
A6: 26389 | B6: NaN | C6: NaN | D6: NaN | E6: NaN | F6: NaN | G6: NaN | H6: NaN | I6: NaN | J6: NaN | K6: NaN | L6: NaN | M6: NaN | N6: NaN | O6: NaN | P6: NaN | Q6: NaN | R6: NaN | S6: NaN | T6: NaN | U6: NaN | V6: NaN | W6: NaN | X6: NaN | Y6: NaN | Z6: NaN | AA6: NaN | AB6: NaN | AC6: NaN | AD6: NaN | AE6: NaN | AF6: NaN | AG6: NaN | AH6: NaN | AI6: NaN | AJ6: NaN | AK6: NaN | AL6: NaN | AM6: NaN | AN6: NaN | AO6: NaN | AP6: NaN | AQ6: NaN | AR6: NaN | AS6: NaN | AT6: NaN | AU6: NaN | AV6: NaN | AW6: NaN | AX6: NaN | AY6: NaN | AZ6: NaN | BA6: NaN | BB6: NaN | BC6: NaN | BD6: NaN | BE6: NaN | BF6: NaN | BG6: NaN | BH6: NaN | BI6: NaN | BJ6: NaN | BK6: NaN | BL6: NaN | BM6: NaN | BN6: NaN | BO6: NaN | BP6: NaN | BQ6: NaN | BR6: NaN | BS6: NaN | BT6: NaN | BU6: NaN | BV6: NaN | BW6: NaN | BX6: NaN | BY6: NaN | BZ6: NaN | CA6: NaN | CB6: NaN | CC6: NaN | CD6: NaN | CE6: NaN | CF6: NaN | CG6: NaN | CH6: NaN | CI6: NaN | CJ6: NaN | CK6: NaN | CL6: NaN | CM6: NaN | CN6: NaN | CO6: NaN | CP6: NaN | CQ6: NaN | CR6: NaN | CS6: NaN | CT6: NaN | CU6: NaN | CV6: NaN | CW6: NaN | CX6: NaN | CY6: NaN | CZ6: NaN | DA6: NaN | DB6: NaN | DC6: NaN | DD6: NaN | DE6: NaN | DF6: NaN | DG6: NaN | DH6: NaN | DI6: NaN | DJ6: NaN | DK6: NaN | DL6: NaN | DM6: NaN | DN6: NaN | DO6: NaN | DP6: 0.2 | DQ6: 0.16 | DR6: 0.15 | DS6: 0.15 | DT6: 0.15 | DU6: 0.15 | DV6: 0.15 | DW6: 0.16 | DX6: 0.16 | DY6: 0.16 | DZ6: 0.17 | EA6: 0.2 | EB6: 0.32121 | EC6: 0.32668 | ED6: 0.32995 | EE6: 0.32625 | EF6: 0.32904
A7: 26480 | B7: NaN | C7: NaN | D7: NaN | E7: NaN | F7: NaN | G7: NaN | H7: NaN | I7: NaN | J7: NaN | K7: NaN | L7: NaN | M7: NaN | N7: NaN | O7: NaN | P7: NaN | Q7: NaN | R7: NaN | S7: NaN | T7: NaN | U7: NaN | V7: NaN | W7: NaN | X7: NaN | Y7: NaN | Z7: NaN | AA7: NaN | AB7: NaN | AC7: NaN | AD7: NaN | AE7: NaN | AF7: NaN | AG7: NaN | AH7: NaN | AI7: NaN | AJ7: NaN | AK7: NaN | AL7: NaN | AM7: NaN | AN7: NaN | AO7: NaN | AP7: NaN | AQ7: NaN | AR7: NaN | AS7: NaN | AT7: NaN | AU7: NaN | AV7: NaN | AW7: NaN | AX7: NaN | AY7: NaN | AZ7: NaN | BA7: NaN | BB7: NaN | BC7: NaN | BD7: NaN | BE7: NaN | BF7: NaN | BG7: NaN | BH7: NaN | BI7: NaN | BJ7: NaN | BK7: NaN | BL7: NaN | BM7: NaN | BN7: NaN | BO7: NaN | BP7: NaN | BQ7: NaN | BR7: NaN | BS7: NaN | BT7: NaN | BU7: NaN | BV7: NaN | BW7: NaN | BX7: NaN | BY7: NaN | BZ7: NaN | CA7: NaN | CB7: NaN | CC7: NaN | CD7: NaN | CE7: NaN | CF7: NaN | CG7: NaN | CH7: NaN | CI7: NaN | CJ7: NaN | CK7: NaN | CL7: NaN | CM7: NaN | CN7: NaN | CO7: NaN | CP7: NaN | CQ7: NaN | CR7: NaN | CS7: NaN | CT7: NaN | CU7: NaN | CV7: NaN | CW7: NaN | CX7: NaN | CY7: NaN | CZ7: NaN | DA7: NaN | DB7: NaN | DC7: NaN | DD7: NaN | DE7: NaN | DF7: NaN | DG7: NaN | DH7: NaN | DI7: NaN | DJ7: NaN | DK7: NaN | DL7: NaN | DM7: NaN | DN7: NaN | DO7: NaN | DP7: 0.05 | DQ7: 0.04 | DR7: 0.03 | DS7: 0.03 | DT7: 0.03 | DU7: 0.03 | DV7: 0.04 | DW7: 0.05 | DX7: 0.05 | DY7: 0.05 | DZ7: 0.06 | EA7: 0.07 | EB7: 0.1642 | EC7: 0.16979 | ED7: 0.17478 | EE7: 0.17579 | EF7: 0.17807
A8: 26572 | B8: NaN | C8: NaN | D8: NaN | E8: NaN | F8: NaN | G8: NaN | H8: NaN | I8: NaN | J8: NaN | K8: NaN | L8: NaN | M8: NaN | N8: NaN | O8: NaN | P8: NaN | Q8: NaN | R8: NaN | S8: NaN | T8: NaN | U8: NaN | V8: NaN | W8: NaN | X8: NaN | Y8: NaN | Z8: NaN | AA8: NaN | AB8: NaN | AC8: NaN | AD8: NaN | AE8: NaN | AF8: NaN | AG8: NaN | AH8: NaN | AI8: NaN | AJ8: NaN | AK8: NaN | AL8: NaN | AM8: NaN | AN8: NaN | AO8: NaN | AP8: NaN | AQ8: NaN | AR8: NaN | AS8: NaN | AT8: NaN | AU8: NaN | AV8: NaN | AW8: NaN | AX8: NaN | AY8: NaN | AZ8: NaN | BA8: NaN | BB8: NaN | BC8: NaN | BD8: NaN | BE8: NaN | BF8: NaN | BG8: NaN | BH8: NaN | BI8: NaN | BJ8: NaN | BK8: NaN | BL8: NaN | BM8: NaN | BN8: NaN | BO8: NaN | BP8: NaN | BQ8: NaN | BR8: NaN | BS8: NaN | BT8: NaN | BU8: NaN | BV8: NaN | BW8: NaN | BX8: NaN | BY8: NaN | BZ8: NaN | CA8: NaN | CB8: NaN | CC8: NaN | CD8: NaN | CE8: NaN | CF8: NaN | CG8: NaN | CH8: NaN | CI8: NaN | CJ8: NaN | CK8: NaN | CL8: NaN | CM8: NaN | CN8: NaN | CO8: NaN | CP8: NaN | CQ8: NaN | CR8: NaN | CS8: NaN | CT8: NaN | CU8: NaN | CV8: NaN | CW8: NaN | CX8: NaN | CY8: NaN | CZ8: NaN | DA8: NaN | DB8: NaN | DC8: NaN | DD8: NaN | DE8: NaN | DF8: NaN | DG8: NaN | DH8: NaN | DI8: NaN | DJ8: NaN | DK8: NaN | DL8: NaN | DM8: NaN | DN8: NaN | DO8: NaN | DP8: -0.32 | DQ8: -0.32 | DR8: -0.32 | DS8: -0.32 | DT8: -0.32 | DU8: -0.32 | DV8: -0.31 | DW8: -0.31 | DX8: -0.3 | DY8: -0.3 | DZ8: -0.29 | EA8: -0.28 | EB8: -0.20961 | EC8: -0.20292 | ED8: -0.19729 | EE8: -0.19175 | EF8: -0.19109
A9: 26664 | B9: NaN | C9: NaN | D9: NaN | E9: NaN | F9: NaN | G9: NaN | H9: NaN | I9: NaN | J9: NaN | K9: NaN | L9: NaN | M9: NaN | N9: NaN | O9: NaN | P9: NaN | Q9: NaN | R9: NaN | S9: NaN | T9: NaN | U9: NaN | V9: NaN | W9: NaN | X9: NaN | Y9: NaN | Z9: NaN | AA9: NaN | AB9: NaN | AC9: NaN | AD9: NaN | AE9: NaN | AF9: NaN | AG9: NaN | AH9: NaN | AI9: NaN | AJ9: NaN | AK9: NaN | AL9: NaN | AM9: NaN | AN9: NaN | AO9: NaN | AP9: NaN | AQ9: NaN | AR9: NaN | AS9: NaN | AT9: NaN | AU9: NaN | AV9: NaN | AW9: NaN | AX9: NaN | AY9: NaN | AZ9: NaN | BA9: NaN | BB9: NaN | BC9: NaN | BD9: NaN | BE9: NaN | BF9: NaN | BG9: NaN | BH9: NaN | BI9: NaN | BJ9: NaN | BK9: NaN | BL9: NaN | BM9: NaN | BN9: NaN | BO9: NaN | BP9: NaN | BQ9: NaN | BR9: NaN | BS9: NaN | BT9: NaN | BU9: NaN | BV9: NaN | BW9: NaN | BX9: NaN | BY9: NaN | BZ9: NaN | CA9: NaN | CB9: NaN | CC9: NaN | CD9: NaN | CE9: NaN | CF9: NaN | CG9: NaN | CH9: NaN | CI9: NaN | CJ9: NaN | CK9: NaN | CL9: NaN | CM9: NaN | CN9: NaN | CO9: NaN | CP9: NaN | CQ9: NaN | CR9: NaN | CS9: NaN | CT9: NaN | CU9: NaN | CV9: NaN | CW9: NaN | CX9: NaN | CY9: NaN | CZ9: NaN | DA9: NaN | DB9: NaN | DC9: NaN | DD9: NaN | DE9: NaN | DF9: NaN | DG9: NaN | DH9: NaN | DI9: NaN | DJ9: NaN | DK9: NaN | DL9: NaN | DM9: NaN | DN9: NaN | DO9: NaN | DP9: -0.34 | DQ9: -0.3 | DR9: -0.29 | DS9: -0.28 | DT9: -0.28 | DU9: -0.27 | DV9: -0.26 | DW9: -0.26 | DX9: -0.25 | DY9: -0.24 | DZ9: -0.24 | EA9: -0.23 | EB9: -0.31157 | EC9: -0.30486 | ED9: -0.29875 | EE9: -0.28778 | EF9: -0.28803
A10: 26754 | B10: 0.56217217 | C10: 0.56443972 | D10: 0.57353568 | E10: 0.5735557 | F10: 0.56835495 | G10: 0.55811433 | H10: 0.54587623 | I10: 0.5439762 | J10: 0.54426921 | K10: 0.54156753 | L10: 0.54191549 | M10: 0.54238702 | N10: 0.54396214 | O10: 0.52795372 | P10: 0.53499706 | Q10: 0.5451251 | R10: 0.55044741 | S10: 0.55500674 | T10: 0.57781713 | U10: 0.58702099 | V10: 0.59436548 | W10: 0.61989754 | X10: 0.60977111 | Y10: 0.63414289 | Z10: 0.59710451 | AA10: 0.69879079 | AB10: 0.65441836 | AC10: 0.65875795 | AD10: 0.57955442 | AE10: 0.56279105 | AF10: 0.66243403 | AG10: 0.6805397 | AH10: 0.55202685 | AI10: 0.69117456 | AJ10: 0.57200585 | AK10: 0.69828424 | AL10: 0.70608074 | AM10: 0.5320107 | AN10: 0.5134492 | AO10: 0.72839572 | AP10: 0.65193852 | AQ10: 0.73720305 | AR10: 0.7401726 | AS10: 0.7464812 | AT10: 0.67808607 | AU10: 0.6991239 | AV10: 0.62084967 | AW10: 0.66385136 | AX10: 0.68409936 | AY10: 0.68104704 | AZ10: 0.65782982 | BA10: 0.67043261 | BB10: 0.68944437 | BC10: 0.73552527 | BD10: 0.72874976 | BE10: 0.65829371 | BF10: 0.70084249 | BG10: 0.70570282 | BH10: 0.62219489 | BI10: 0.73409149 | BJ10: 0.77610507 | BK10: 0.7801256 | BL10: 0.64963201 | BM10: 0.80022953 | BN10: 0.78695846 | BO10: 0.8024542 | BP10: 0.79712053 | BQ10: 0.88389291 | BR10: 0.77710876 | BS10: 0.79356771 | BT10: 0.84411108 | BU10: 0.79473495 | BV10: 0.82453341 | BW10: 0.77522553 | BX10: 0.82344491 | BY10: 0.8710577 | BZ10: 0.82472019 | CA10: 0.83554775 | CB10: 0.79673044 | CC10: 0.86319429 | CD10: 0.82596925 | CE10: 0.89075481 | CF10: 0.91537585 | CG10: 0.83770007 | CH10: 0.82361229 | CI10: 0.82839345 | CJ10: 0.796389 | CK10: 0.82504887 | CL10: 0.80938962 | CM10: 0.83057628 | CN10: 0.86416668 | CO10: 0.81130644 | CP10: 0.84046995 | CQ10: 0.92 | CR10: 0.93 | CS10: 0.94 | CT10: 0.95 | CU10: 0.96 | CV10: 0.9 | CW10: 0.9 | CX10: 0.9 | CY10: 0.91 | CZ10: 0.92 | DA10: 0.92 | DB10: 0.95 | DC10: 0.95 | DD10: 0.95 | DE10: 0.95 | DF10: 0.95 | DG10: 0.96 | DH10: 0.96 | DI10: 0.96 | DJ10: 0.97 | DK10: 1 | DL10: 1.02 | DM10: 1.02 | DN10: 1.02 | DO10: 1.03 | DP10: 1.01 | DQ10: 0.98 | DR10: 0.97 | DS10: 0.97 | DT10: 0.97 | DU10: 0.97 | DV10: 0.99 | DW10: 0.99 | DX10: 0.99 | DY10: 1 | DZ10: 1.02 | EA10: 1.03 | EB10: 1.10265 | EC10: 1.10736 | ED10: 1.11353 | EE10: 1.11339 | EF10: 1.11419
A11: 26845 | B11: 0.61068936 | C11: 0.61456115 | D11: 0.62851944 | E11: 0.62239768 | F11: 0.60993011 | G11: 0.58890257 | H11: 0.58697709 | I11: 0.58356009 | J11: 0.57739691 | K11: 0.57041211 | L11: 0.56815554 | M11: 0.56134383 | N11: 0.55911638 | O11: 0.42193844 | P11: 0.42401151 | Q11: 0.42280741 | R11: 0.41082667 | S11: 0.3978607 | T11: 0.50102521 | U11: 0.50790286 | V11: 0.51549031 | W11: 0.21137215 | X11: 0.51900795 | Y11: 0.23170522 | Z11: 0.43864236 | AA11: 0.3396341 | AB11: 0.26304369 | AC11: 0.26854584 | AD11: 0.44578571 | AE11: 0.42442666 | AF11: 0.39100546 | AG11: 0.28859537 | AH11: 0.39118028 | AI11: 0.30433785 | AJ11: 0.44751641 | AK11: 0.31402237 | AL11: 0.32221326 | AM11: 0.36559846 | AN11: 0.34657871 | AO11: 0.34037971 | AP11: 0.43554537 | AQ11: 0.34735846 | AR11: 0.35525521 | AS11: 0.35677619 | AT11: 0.62460549 | AU11: 0.44010842 | AV11: 0.62719478 | AW11: 0.53474775 | AX11: 0.66445026 | AY11: 0.66705919 | AZ11: 0.66478643 | BA11: 0.67492359 | BB11: 0.53840684 | BC11: 0.62975856 | BD11: 0.59779606 | BE11: 0.58815365 | BF11: 0.540421 | BG11: 0.58607197 | BH11: 0.56408312 | BI11: 0.78200132 | BJ11: 0.67054009 | BK11: 0.79085317 | BL11: 0.72327011 | BM11: 0.82668008 | BN11: 0.81628441 | BO11: 0.85008868 | BP11: 0.85757372 | BQ11: 0.8097086 | BR11: 0.71803642 | BS11: 0.88542776 | BT11: 0.86356973 | BU11: 0.66494309 | BV11: 0.81121936 | BW11: 0.70069445 | BX11: 0.87122171 | BY11: 0.75300055 | BZ11: 0.84982407 | CA11: 0.82472718 | CB11: 0.68372737 | CC11: 0.81201351 | CD11: 0.68381335 | CE11: 0.77133614 | CF11: 0.77966382 | CG11: 0.66141513 | CH11: 0.6625778 | CI11: 0.68764061 | CJ11: 0.70375251 | CK11: 0.56571234 | CL11: 0.70923255 | CM11: 0.70727391 | CN11: 0.64925936 | CO11: 0.63482381 | CP11: 0.60578977 | CQ11: 0.75 | CR11: 0.74 | CS11: 0.74 | CT11: 0.75 | CU11: 0.75 | CV11: 0.72 | CW11: 0.73 | CX11: 0.83 | CY11: 0.84 | CZ11: 0.85 | DA11: 0.85 | DB11: 0.84 | DC11: 0.84 | DD11: 0.85 | DE11: 0.87 | DF11: 0.88 | DG11: 0.89 | DH11: 0.91 | DI11: 0.93 | DJ11: 0.94 | DK11: 0.94 | DL11: 0.93 | DM11: 0.94 | DN11: 0.96 | DO11: 0.97 | DP11: 1.05 | DQ11: 1.08 | DR11: 1.09 | DS11: 1.11 | DT11: 1.12 | DU11: 1.12 | DV11: 1.13 | DW11: 1.12 | DX11: 1.14 | DY11: 1.15 | DZ11: 1.16 | EA11: 1.17 | EB11: 1.08076 | EC11: 1.08737 | ED11: 1.09318 | EE11: 1.10444 | EF11: 1.10381
A12: 26937 | B12: 1.1746037 | C12: 1.1804711 | D12: 1.1856955 | E12: 1.1994761 | F12: 1.2186412 | G12: 1.2368233 | H12: 1.2462577 | I12: 1.2583357 | J12: 1.2760163 | K12: 1.2934593 | L12: 1.3064663 | M12: 1.3233098 | N12: 1.342132 | O12: 1.4277524 | P12: 1.4372094 | Q12: 1.4484526 | R12: 1.4698898 | S12: 1.4926467 | T12: 1.4674573 | U12: 1.4855017 | V12: 1.4903119 | W12: 1.7230134 | X12: 1.5299818 | Y12: 1.7280272 | Z12: 1.6211929 | AA12: 1.7538252 | AB12: 1.7467669 | AC12: 1.7564904 | AD12: 1.6125649 | AE12: 1.6386656 | AF12: 1.769641 | AG12: 1.7956836 | AH12: 1.6679193 | AI12: 1.8101442 | AJ12: 1.8421351 | AK12: 1.8301955 | AL12: 1.8346689 | AM12: 1.7053753 | AN12: 1.6901934 | AO12: 1.8675427 | AP12: 1.8183184 | AQ12: 1.8873724 | AR12: 1.8963916 | AS12: 1.9028803 | AT12: 1.6317257 | AU12: 1.8917439 | AV12: 1.6242643 | AW12: 1.8509584 | AX12: 1.6830524 | AY12: 1.6845971 | AZ12: 1.6750692 | BA12: 1.6797599 | BB12: 1.8523523 | BC12: 1.6846675 | BD12: 1.9005853 | BE12: 1.924122 | BF12: 1.8439453 | BG12: 1.8786058 | BH12: 1.8996166 | BI12: 1.7785363 | BJ12: 1.9727045 | BK12: 1.7910607 | BL12: 2.0221339 | BM12: 1.8295629 | BN12: 1.824673 | BO12: 1.8261381 | BP12: 1.8528575 | BQ12: 1.859038 | BR12: 1.9836639 | BS12: 1.8903481 | BT12: 1.8938305 | BU12: 2.031499 | BV12: 1.9082829 | BW12: 2.022129 | BX12: 1.9095388 | BY12: 1.9711173 | BZ12: 1.9244837 | CA12: 1.9167133 | CB12: 2.0295226 | CC12: 1.9272479 | CD12: 1.9817214 | CE12: 1.914488 | CF12: 1.9123133 | CG12: 1.9501635 | CH12: 1.8687219 | CI12: 1.869864 | CJ12: 1.8515349 | CK12: 2.0261703 | CL12: 1.8925143 | CM12: 1.8906443 | CN12: 2.1192493 | CO12: 2.1044328 | CP12: 2.0748742 | CQ12: 1.96 | CR12: 2 | CS12: 2.01 | CT12: 2.03 | CU12: 2.03 | CV12: 1.94 | CW12: 1.95 | CX12: 1.93 | CY12: 1.94 | CZ12: 1.95 | DA12: 1.95 | DB12: 1.97 | DC12: 1.97 | DD12: 1.97 | DE12: 1.97 | DF12: 1.98 | DG12: 1.99 | DH12: 1.99 | DI12: 2 | DJ12: 2.02 | DK12: 2.02 | DL12: 2.04 | DM12: 2.05 | DN12: 2.06 | DO12: 2.07 | DP12: 2.11 | DQ12: 2.13 | DR12: 2.15 | DS12: 2.16 | DT12: 2.17 | DU12: 2.18 | DV12: 2.18 | DW12: 2.18 | DX12: 2.2 | DY12: 2.2 | DZ12: 2.21 | EA12: 2.22 | EB12: 2.15556 | EC12: 2.15966 | ED12: 2.1642 | EE12: 2.16997 | EF12: 2.17071
A13: 27029 | B13: 0.85462604 | C13: 0.85172678 | D13: 0.85738846 | E13: 0.87138621 | F13: 0.88953036 | G13: 0.90466858 | H13: 0.91252898 | I13: 0.91785247 | J13: 0.92958399 | K13: 0.94042565 | L13: 0.95105628 | M13: 0.9663177 | N13: 0.98375278 | O13: 1.0972618 | P13: 1.1116191 | Q13: 1.1282886 | R13: 1.1555645 | S13: 1.1841113 | T13: 1.1611503 | U13: 1.1663745 | V13: 1.1753547 | W13: 1.5067511 | X13: 1.2100706 | Y13: 1.4927913 | Z13: 1.2647338 | AA13: 1.5708976 | AB13: 1.4970699 | AC13: 1.5018146 | AD13: 1.2907876 | AE13: 1.2939333 | AF13: 1.4903941 | AG13: 1.5336888 | AH13: 1.3120897 | AI13: 1.5336385 | AJ13: 1.4079571 | AK13: 1.5476266 | AL13: 1.5584978 | AM13: 1.3370792 | AN13: 1.3278239 | AO13: 1.587046 | AP13: 1.4651892 | AQ13: 1.6012949 | AR13: 1.6077439 | AS13: 1.6151275 | AT13: 1.2330484 | AU13: 1.5531677 | AV13: 1.2280381 | AW13: 1.4128396 | AX13: 1.2520081 | AY13: 1.2368188 | AZ13: 1.2300928 | BA13: 1.2381939 | BB13: 1.4583326 | BC13: 1.2971761 | BD13: 1.4562963 | BE13: 1.4745373 | BF13: 1.5232105 | BG13: 1.5003237 | BH13: 1.4544247 | BI13: 1.3084531 | BJ13: 1.5764576 | BK13: 1.3380094 | BL13: 1.5514463 | BM13: 1.3488101 | BN13: 1.3522652 | BO13: 1.387042 | BP13: 1.3760116 | BQ13: 1.4701015 | BR13: 1.577269 | BS13: 1.3722141 | BT13: 1.4315802 | BU13: 1.6562233 | BV13: 1.503908 | BW13: 1.5779706 | BX13: 1.4056915 | BY13: 1.5247655 | BZ13: 1.4144212 | CA13: 1.4479139 | CB13: 1.6730611 | CC13: 1.4639283 | CD13: 1.5947045 | CE13: 1.5112772 | CF13: 1.4969278 | CG13: 1.5567761 | CH13: 1.4709703 | CI13: 1.4630611 | CJ13: 1.4630128 | CK13: 1.6744125 | CL13: 1.4601176 | CM13: 1.4714387 | CN13: 1.7328355 | CO13: 1.6802234 | CP13: 1.7657761 | CQ13: 1.56 | CR13: 1.61 | CS13: 1.61 | CT13: 1.62 | CU13: 1.63 | CV13: 1.58 | CW13: 1.58 | CX13: 1.51 | CY13: 1.51 | CZ13: 1.52 | DA13: 1.52 | DB13: 1.56 | DC13: 1.56 | DD13: 1.55 | DE13: 1.54 | DF13: 1.54 | DG13: 1.55 | DH13: 1.55 | DI13: 1.54 | DJ13: 1.54 | DK13: 1.57 | DL13: 1.6 | DM13: 1.61 | DN13: 1.61 | DO13: 1.62 | DP13: 1.57 | DQ13: 1.54 | DR13: 1.54 | DS13: 1.54 | DT13: 1.54 | DU13: 1.54 | DV13: 1.54 | DW13: 1.54 | DX13: 1.54 | DY13: 1.54 | DZ13: 1.55 | EA13: 1.56 | EB13: 1.59451 | EC13: 1.59688 | ED13: 1.59773 | EE13: 1.59124 | EF13: 1.59313
A14: 27119 | B14: 0.53095456 | C14: 0.54047295 | D14: 0.55733983 | E14: 0.54979524 | F14: 0.53571707 | G14: 0.50892911 | H14: 0.51656788 | I14: 0.5091191 | J14: 0.50227378 | K14: 0.49229946 | L14: 0.48874993 | M14: 0.47979747 | N14: 0.48001991 | O14: 0.30731586 | P14: 0.30993035 | Q14: 0.30500062 | R14: 0.29080246 | S14: 0.27388716 | T14: 0.396317 | U14: 0.38274584 | V14: 0.39059656 | W14: -0.034848279 | X14: 0.39113799 | Y14: -0.014566385 | Z14: 0.32452676 | AA14: 0.19800438 | AB14: 0.014989347 | AC14: 0.0230952 | AD14: 0.31537539 | AE14: 0.27690932 | AF14: 0.22669755 | AG14: 0.02382996 | AH14: 0.24185116 | AI14: 0.040033187 | AJ14: 0.21201754 | AK14: 0.042703329 | AL14: 0.048952554 | AM14: 0.21279001 | AN14: 0.21377886 | AO14: 0.051271229 | AP14: 0.27622977 | AQ14: 0.056276025 | AR14: 0.065015099 | AS14: 0.064710621 | AT14: 0.33285993 | AU14: 0.22568225 | AV14: 0.38665948 | AW14: 0.25080807 | AX14: 0.37308661 | AY14: 0.36989081 | AZ14: 0.38092259 | BA14: 0.39297109 | BB14: 0.30440113 | BC14: 0.32707812 | BD14: 0.29008872 | BE14: 0.34655 | BF14: 0.34212134 | BG14: 0.38378754 | BH14: 0.40269436 | BI14: 0.49986089 | BJ14: 0.41171798 | BK14: 0.50873462 | BL14: 0.53679899 | BM14: 0.526968 | BN14: 0.52904722 | BO14: 0.60818325 | BP14: 0.57206209 | BQ14: 0.51743172 | BR14: 0.48533576 | BS14: 0.60720592 | BT14: 0.57882864 | BU14: 0.44713299 | BV14: 0.59345916 | BW14: 0.42870551 | BX14: 0.58006797 | BY14: 0.42483165 | BZ14: 0.54720094 | CA14: 0.5376427 | CB14: 0.51867326 | CC14: 0.50409958 | CD14: 0.44547795 | CE14: 0.49287784 | CF14: 0.47901057 | CG14: 0.41123579 | CH14: 0.38424731 | CI14: 0.41550279 | CJ14: 0.49408246 | CK14: 0.34500198 | CL14: 0.44569681 | CM14: 0.44298334 | CN14: 0.40148984 | CO14: 0.40238512 | CP14: 0.45690971 | CQ14: 0.5 | CR14: 0.49 | CS14: 0.48 | CT14: 0.48 | CU14: 0.48 | CV14: 0.53 | CW14: 0.53 | CX14: 0.6 | CY14: 0.61 | CZ14: 0.62 | DA14: 0.62 | DB14: 0.6 | DC14: 0.61 | DD14: 0.62 | DE14: 0.64 | DF14: 0.65 | DG14: 0.66 | DH14: 0.68 | DI14: 0.7 | DJ14: 0.72 | DK14: 0.7 | DL14: 0.69 | DM14: 0.7 | DN14: 0.71 | DO14: 0.72 | DP14: 0.81 | DQ14: 0.86 | DR14: 0.88 | DS14: 0.9 | DT14: 0.91 | DU14: 0.92 | DV14: 0.93 | DW14: 0.92 | DX14: 0.94 | DY14: 0.95 | DZ14: 0.95 | EA14: 0.95 | EB14: 0.68358 | EC14: 0.68693 | ED14: 0.69 | EE14: 0.6997 | EF14: 0.69995
A15: 27210 | B15: 1.9319993 | C15: 1.9195464 | D15: 1.92084 | E15: 1.956431 | F15: 2.0020196 | G15: 2.0526905 | H15: 2.0524045 | I15: 2.078292 | J15: 2.1159844 | K15: 2.1515762 | L15: 2.1787111 | M15: 2.2187891 | N15: 2.2509321 | O15: 2.6108436 | P15: 2.6335366 | Q15: 2.660146 | R15: 2.7187916 | S15: 2.7781462 | T15: 2.6146058 | U15: 2.6495375 | V15: 2.6521268 | W15: 3.7149157 | X15: 2.7509325 | Y15: 3.69092 | Z15: 3.0909097 | AA15: 3.6357406 | AB15: 3.6907186 | AC15: 3.7018739 | AD15: 2.9538516 | AE15: 3.012446 | AF15: 3.5309509 | AG15: 3.7498383 | AH15: 3.0970752 | AI15: 3.770294 | AJ15: 3.4419282 | AK15: 3.787246 | AL15: 3.804006 | AM15: 3.1776789 | AN15: 3.1552053 | AO15: 3.8528266 | AP15: 3.5262159 | AQ15: 3.8862318 | AR15: 3.9075098 | AS15: 3.9228664 | AT15: 3.5122745 | AU15: 3.8199827 | AV15: 3.4459678 | AW15: 3.7961313 | AX15: 3.5538767 | AY15: 3.5633151 | AZ15: 3.5238741 | BA15: 3.5279753 | BB15: 3.7898015 | BC15: 3.6143443 | BD15: 3.8222651 | BE15: 3.7420691 | BF15: 3.733877 | BG15: 3.8081166 | BH15: 3.5821879 | BI15: 3.6455656 | BJ15: 3.9582885 | BK15: 3.6903998 | BL15: 3.9031186 | BM15: 3.7438895 | BN15: 3.7272303 | BO15: 3.6738063 | BP15: 3.7158818 | BQ15: 3.8379442 | BR15: 3.9181721 | BS15: 3.7282196 | BT15: 3.816287 | BU15: 3.9958698 | BV15: 3.8363441 | BW15: 4.0731002 | BX15: 3.8718664 | BY15: 4.081193 | BZ15: 3.9321596 | CA15: 3.9611607 | CB15: 4.1366809 | CC15: 4.0328495 | CD15: 4.0991341 | CE15: 4.0964203 | CF15: 4.1218433 | CG15: 4.1626237 | CH15: 4.0815845 | CI15: 4.0720146 | CJ15: 3.9961986 | CK15: 4.2617618 | CL15: 4.0783895 | CM15: 4.0870022 | CN15: 4.4245266 | CO15: 4.3257088 | CP15: 4.3382485 | CQ15: 4.23 | CR15: 4.26 | CS15: 4.28 | CT15: 4.3 | CU15: 4.32 | CV15: 4.26 | CW15: 4.26 | CX15: 4.22 | CY15: 4.23 | CZ15: 4.24 | DA15: 4.24 | DB15: 4.28 | DC15: 4.28 | DD15: 4.28 | DE15: 4.27 | DF15: 4.27 | DG15: 4.29 | DH15: 4.29 | DI15: 4.29 | DJ15: 4.3 | DK15: 4.33 | DL15: 4.37 | DM15: 4.38 | DN15: 4.4 | DO15: 4.4 | DP15: 4.39 | DQ15: 4.35 | DR15: 4.35 | DS15: 4.35 | DT15: 4.35 | DU15: 4.36 | DV15: 4.37 | DW15: 4.38 | DX15: 4.38 | DY15: 4.39 | DZ15: 4.42 | EA15: 4.44 | EB15: 4.53631 | EC15: 4.54611 | ED15: 4.55333 | EE15: 4.54886 | EF15: 4.55252
A16: 27302 | B16: 1.6380513 | C16: 1.6206033 | D16: 1.6152138 | E16: 1.649303 | F16: 1.6971507 | G16: 1.7523353 | H16: 1.7618953 | I16: 1.7906142 | J16: 1.8311963 | K16: 1.867446 | L16: 1.8982572 | M16: 1.9376071 | N16: 1.9765669 | O16: 2.3087802 | P16: 2.3250678 | Q16: 2.3491216 | R16: 2.4078609 | S16: 2.469259 | T16: 2.3356274 | U16: 2.3718389 | V16: 2.3733425 | W16: 3.2406322 | X16: 2.467261 | Y16: 3.2215869 | Z16: 2.7802847 | AA16: 3.1256118 | AB16: 3.2183512 | AC16: 3.2273959 | AD16: 2.7231426 | AE16: 2.7846279 | AF16: 3.1233784 | AG16: 3.2822687 | AH16: 2.8814761 | AI16: 3.3005671 | AJ16: 3.329179 | AK16: 3.3206767 | AL16: 3.3310544 | AM16: 2.9755128 | AN16: 2.984707 | AO16: 3.3757376 | AP16: 3.2356872 | AQ16: 3.4090392 | AR16: 3.4268778 | AS16: 3.4385362 | AT16: 2.8641754 | AU16: 3.3676057 | AV16: 2.8478679 | AW16: 3.2748726 | AX16: 2.8919877 | AY16: 2.9228805 | AZ16: 2.8900466 | BA16: 2.8675444 | BB16: 3.2824895 | BC16: 2.8966397 | BD16: 3.2661123 | BE16: 3.3502228 | BF16: 3.2027261 | BG16: 3.2965844 | BH16: 3.3233672 | BI16: 3.0028424 | BJ16: 3.4352643 | BK16: 3.0371464 | BL16: 3.6508775 | BM16: 3.0931594 | BN16: 3.0879028 | BO16: 3.0706634 | BP16: 3.0973871 | BQ16: 3.0565786 | BR16: 3.4491594 | BS16: 3.1381465 | BT16: 3.1578652 | BU16: 3.5485866 | BV16: 3.1563203 | BW16: 3.5698361 | BX16: 3.2335277 | BY16: 3.4096153 | BZ16: 3.2837253 | CA16: 3.2706528 | CB16: 3.6821389 | CC16: 3.3542733 | CD16: 3.4989302 | CE16: 3.3963088 | CF16: 3.3930252 | CG16: 3.5385747 | CH16: 3.3947797 | CI16: 3.3912894 | CJ16: 3.3962478 | CK16: 3.7401584 | CL16: 3.414432 | CM16: 3.4138314 | CN16: 3.8512296 | CO16: 3.87913 | CP16: 3.8465772 | CQ16: 3.49 | CR16: 3.54 | CS16: 3.55 | CT16: 3.57 | CU16: 3.58 | CV16: 3.57 | CW16: 3.57 | CX16: 3.48 | CY16: 3.49 | CZ16: 3.5 | DA16: 3.5 | DB16: 3.53 | DC16: 3.53 | DD16: 3.53 | DE16: 3.54 | DF16: 3.54 | DG16: 3.55 | DH16: 3.56 | DI16: 3.56 | DJ16: 3.57 | DK16: 3.59 | DL16: 3.61 | DM16: 3.63 | DN16: 3.64 | DO16: 3.65 | DP16: 3.64 | DQ16: 3.67 | DR16: 3.7 | DS16: 3.71 | DT16: 3.73 | DU16: 3.74 | DV16: 3.75 | DW16: 3.76 | DX16: 3.77 | DY16: 3.79 | DZ16: 3.8 | EA16: 3.81 | EB16: 3.78257 | EC16: 3.79143 | ED16: 3.79965 | EE16: 3.80684 | EF16: 3.80957
A17: 27394 | B17: 0.80172892 | C17: 0.78883803 | D17: 0.79199587 | E17: 0.81009829 | F17: 0.83545192 | G17: 0.85751861 | H17: 0.88432 | I17: 0.89465861 | J17: 0.91604683 | K17: 0.93194192 | L17: 0.94841802 | M17: 0.968659 | N17: 0.98887806 | O17: 1.1133221 | P17: 1.1243454 | Q17: 1.135912 | R17: 1.1657746 | S17: 1.2025473 | T17: 1.2092592 | U17: 1.2206478 | V17: 1.2273338 | W17: 1.7107451 | X17: 1.2713357 | Y17: 1.714489 | Z17: 1.4138879 | AA17: 1.6425063 | AB17: 1.7340767 | AC17: 1.7499379 | AD17: 1.4732519 | AE17: 1.5091191 | AF17: 1.6736072 | AG17: 1.7917397 | AH17: 1.5788533 | AI17: 1.8137172 | AJ17: 1.7025599 | AK17: 1.8332666 | AL17: 1.8439695 | AM17: 1.6528267 | AN17: 1.6523864 | AO17: 1.8761944 | AP17: 1.7679741 | AQ17: 1.8980974 | AR17: 1.910355 | AS17: 1.9177096 | AT17: 1.6304861 | AU17: 1.8671629 | AV17: 1.6601607 | AW17: 1.8526055 | AX17: 1.6545283 | AY17: 1.6603625 | AZ17: 1.656252 | BA17: 1.6605954 | BB17: 1.8857142 | BC17: 1.6865862 | BD17: 1.8733799 | BE17: 1.8759658 | BF17: 1.8877083 | BG17: 1.9184733 | BH17: 1.8518597 | BI17: 1.7277963 | BJ17: 1.9779771 | BK17: 1.7495494 | BL17: 2.0399871 | BM17: 1.7684761 | BN17: 1.7778047 | BO17: 1.7875399 | BP17: 1.7961202 | BQ17: 1.899179 | BR17: 2.0110043 | BS17: 1.8062495 | BT17: 1.8761454 | BU17: 2.1070722 | BV17: 1.9619375 | BW17: 2.0429984 | BX17: 1.8886214 | BY17: 2.0073604 | BZ17: 1.9407791 | CA17: 1.9683235 | CB17: 2.1904696 | CC17: 1.9719439 | CD17: 2.0779335 | CE17: 2.0191858 | CF17: 2.0326278 | CG17: 2.0873553 | CH17: 2.0620999 | CI17: 2.0581034 | CJ17: 2.0666184 | CK17: 2.257992 | CL17: 2.0897878 | CM17: 2.0993388 | CN17: 2.3083602 | CO17: 2.2915997 | CP17: 2.3342822 | CQ17: 1.91 | CR17: 1.95 | CS17: 1.96 | CT17: 1.97 | CU17: 1.98 | CV17: 2 | CW17: 2 | CX17: 1.9 | CY17: 1.91 | CZ17: 1.91 | DA17: 1.92 | DB17: 1.96 | DC17: 1.96 | DD17: 1.96 | DE17: 1.95 | DF17: 1.95 | DG17: 1.99 | DH17: 2 | DI17: 2 | DJ17: 2 | DK17: 2.01 | DL17: 2.03 | DM17: 2.04 | DN17: 2.04 | DO17: 2.05 | DP17: 1.94 | DQ17: 1.92 | DR17: 1.92 | DS17: 1.92 | DT17: 1.93 | DU17: 1.93 | DV17: 1.94 | DW17: 1.94 | DX17: 1.93 | DY17: 1.94 | DZ17: 1.95 | EA17: 1.95 | EB17: 2.1755 | EC17: 2.17811 | ED17: 2.18198 | EE17: 2.18027 | EF17: 2.18344
A18: 27484 | B18: -0.46686948 | C18: -0.46071657 | D18: -0.46039751 | E18: -0.46085516 | F18: -0.46504205 | G18: -0.46928297 | H18: -0.46782213 | I18: -0.47043716 | J18: -0.47242826 | K18: -0.479524 | L18: -0.47975885 | M18: -0.47824345 | N18: -0.47665802 | O18: -0.45478023 | P18: -0.45360102 | Q18: -0.44970368 | R18: -0.44148392 | S18: -0.42583288 | T18: -0.43100999 | U18: -0.44154684 | V18: -0.43125426 | W18: -0.13833962 | X18: -0.44135881 | Y18: -0.12519112 | Z18: -0.36069868 | AA18: -0.15956561 | AB18: -0.10144094 | AC18: -0.093449426 | AD18: -0.36192415 | AE18: -0.34182821 | AF18: -0.208668 | AG18: -0.07982288 | AH18: -0.33470865 | AI18: -0.065017032 | AJ18: -0.21860534 | AK18: -0.057536555 | AL18: -0.051447085 | AM18: -0.34247853 | AN18: -0.34604631 | AO18: -0.045837505 | AP18: -0.26739835 | AQ18: -0.041438927 | AR18: -0.034441324 | AS18: -0.035919169 | AT18: -0.22673378 | AU18: -0.19221006 | AV18: -0.20734325 | AW18: -0.26340665 | AX18: -0.22527932 | AY18: -0.22422829 | AZ18: -0.21253805 | BA18: -0.21676961 | BB18: -0.26294028 | BC18: -0.21963711 | BD18: -0.23268244 | BE18: -0.23118629 | BF18: -0.22767631 | BG18: -0.21946258 | BH18: -0.25232272 | BI18: -0.1546349 | BJ18: -0.19198894 | BK18: -0.14943647 | BL18: -0.13499055 | BM18: -0.11823939 | BN18: -0.10494226 | BO18: -0.086586227 | BP18: -0.072968213 | BQ18: -0.078459594 | BR18: -0.16177404 | BS18: -0.042241071 | BT18: -0.046242132 | BU18: -0.15121521 | BV18: -0.03763483 | BW18: -0.10541736 | BX18: -0.015389287 | BY18: -0.076611769 | BZ18: -0.00926774 | CA18: 0.012162903 | CB18: -0.071392796 | CC18: -0.014414447 | CD18: -0.075864699 | CE18: 0.025035063 | CF18: 0.039556887 | CG18: 0.032812848 | CH18: 0.071155795 | CI18: 0.092084756 | CJ18: 0.11249005 | CK18: 0.059790089 | CL18: 0.13485902 | CM18: 0.12755248 | CN18: 0.078429885 | CO18: 0.079286627 | CP18: 0.10660099 | CQ18: 0.06 | CR18: 0.07 | CS18: 0.07 | CT18: 0.08 | CU18: 0.08 | CV18: 0.08 | CW18: 0.08 | CX18: 0.09 | CY18: 0.1 | CZ18: 0.1 | DA18: 0.11 | DB18: 0.13 | DC18: 0.13 | DD18: 0.13 | DE18: 0.13 | DF18: 0.14 | DG18: 0.15 | DH18: 0.17 | DI18: 0.17 | DJ18: 0.18 | DK18: 0.18 | DL18: 0.18 | DM18: 0.18 | DN18: 0.19 | DO18: 0.19 | DP18: 0.19 | DQ18: 0.19 | DR18: 0.19 | DS18: 0.19 | DT18: 0.19 | DU18: 0.2 | DV18: 0.21 | DW18: 0.21 | DX18: 0.22 | DY18: 0.22 | DZ18: 0.23 | EA18: 0.24 | EB18: 0.38712 | EC18: 0.3929 | ED18: 0.39528 | EE18: 0.39863 | EF18: 0.39968
A19: 27575 | B19: -0.64468967 | C19: -0.63098152 | D19: -0.6267 | E19: -0.63655709 | F19: -0.656428 | G19: -0.67997327 | H19: -0.68419602 | I19: -0.69196709 | J19: -0.70381559 | K19: -0.71771906 | L19: -0.72454725 | M19: -0.73240161 | N19: -0.73785108 | O19: -0.79916283 | P19: -0.79718993 | Q19: -0.79421179 | R19: -0.79779129 | S19: -0.79473901 | T19: -0.76896742 | U19: -0.77506469 | V19: -0.76526422 | W19: -0.62791704 | X19: -0.78929268 | Y19: -0.6050512 | Z19: -0.79009154 | AA19: -0.71809941 | AB19: -0.57679607 | AC19: -0.57270985 | AD19: -0.79126026 | AE19: -0.80230674 | AF19: -0.77636555 | AG19: -0.566775 | AH19: -0.8106748 | AI19: -0.55579975 | AJ19: -0.7527668 | AK19: -0.54962597 | AL19: -0.54551415 | AM19: -0.82989642 | AN19: -0.82016127 | AO19: -0.54694224 | AP19: -0.8122201 | AQ19: -0.54626953 | AR19: -0.5451547 | AS19: -0.54708809 | AT19: -0.81415995 | AU19: -0.78427769 | AV19: -0.81204081 | AW19: -0.84859127 | AX19: -0.81292928 | AY19: -0.82293169 | AZ19: -0.80317896 | BA19: -0.80004042 | BB19: -0.84243833 | BC19: -0.77270228 | BD19: -0.85859332 | BE19: -0.85311353 | BF19: -0.84158997 | BG19: -0.83273099 | BH19: -0.83260355 | BI19: -0.76689286 | BJ19: -0.83150597 | BK19: -0.74952354 | BL19: -0.87717519 | BM19: -0.73710945 | BN19: -0.72425363 | BO19: -0.70065115 | BP19: -0.70230001 | BQ19: -0.67326376 | BR19: -0.81174159 | BS19: -0.67799135 | BT19: -0.67459833 | BU19: -0.80893832 | BV19: -0.67675275 | BW19: -0.78856118 | BX19: -0.67111762 | BY19: -0.74327417 | BZ19: -0.67908734 | CA19: -0.66290496 | CB19: -0.79962552 | CC19: -0.68488447 | CD19: -0.74300962 | CE19: -0.66383719 | CF19: -0.6474407 | CG19: -0.65053111 | CH19: -0.6221009 | CI19: -0.61218298 | CJ19: -0.60062939 | CK19: -0.67724793 | CL19: -0.59717581 | CM19: -0.58732543 | CN19: -0.68383151 | CO19: -0.6852688 | CP19: -0.65826388 | CQ19: -0.6 | CR19: -0.58 | CS19: -0.58 | CT19: -0.58 | CU19: -0.57 | CV19: -0.61 | CW19: -0.61 | CX19: -0.62 | CY19: -0.61 | CZ19: -0.61 | DA19: -0.6 | DB19: -0.58 | DC19: -0.58 | DD19: -0.58 | DE19: -0.58 | DF19: -0.58 | DG19: -0.59 | DH19: -0.59 | DI19: -0.59 | DJ19: -0.59 | DK19: -0.57 | DL19: -0.56 | DM19: -0.56 | DN19: -0.56 | DO19: -0.56 | DP19: -0.62 | DQ19: -0.64 | DR19: -0.64 | DS19: -0.65 | DT19: -0.65 | DU19: -0.65 | DV19: -0.64 | DW19: -0.64 | DX19: -0.64 | DY19: -0.64 | DZ19: -0.63 | EA19: -0.62 | EB19: -0.45595 | EC19: -0.45219 | ED19: -0.44965 | EE19: -0.44798 | EF19: -0.44736
A20: 27667 | B20: -0.24430042 | C20: -0.23367915 | D20: -0.22738242 | E20: -0.23781349 | F20: -0.25828157 | G20: -0.28352045 | H20: -0.30003493 | I20: -0.30592515 | J20: -0.31538539 | K20: -0.32603995 | L20: -0.33191619 | M20: -0.34012144 | N20: -0.34533517 | O20: -0.40798694 | P20: -0.40442289 | Q20: -0.39835339 | R20: -0.40159009 | S20: -0.40150856 | T20: -0.37660016 | U20: -0.37184145 | V20: -0.36498916 | W20: -0.28071231 | X20: -0.37544855 | Y20: -0.25992302 | Z20: -0.41416773 | AA20: -0.40914644 | AB20: -0.23584267 | AC20: -0.23226512 | AD20: -0.41789632 | AE20: -0.44357836 | AF20: -0.45078127 | AG20: -0.22418616 | AH20: -0.45024393 | AI20: -0.21196558 | AJ20: -0.38818842 | AK20: -0.20739088 | AL20: -0.2035123 | AM20: -0.4734546 | AN20: -0.4675995 | AO20: -0.20089649 | AP20: -0.44821715 | AQ20: -0.19759912 | AR20: -0.19631349 | AS20: -0.19718907 | AT20: -0.52261117 | AU20: -0.44207748 | AV20: -0.56864646 | AW20: -0.51259261 | AX20: -0.52598748 | AY20: -0.52555277 | AZ20: -0.51854283 | BA20: -0.53037204 | BB20: -0.49950086 | BC20: -0.49410887 | BD20: -0.50418347 | BE20: -0.50793573 | BF20: -0.55031029 | BG20: -0.51587591 | BH20: -0.50625846 | BI20: -0.4864812 | BJ20: -0.49535495 | BK20: -0.46531569 | BL20: -0.55543546 | BM20: -0.4392378 | BN20: -0.43443312 | BO20: -0.424804 | BP20: -0.41007636 | BQ20: -0.42337024 | BR20: -0.46011776 | BS20: -0.37434199 | BT20: -0.38940261 | BU20: -0.45844911 | BV20: -0.43044193 | BW20: -0.44498446 | BX20: -0.37522409 | BY20: -0.42221815 | BZ20: -0.38306162 | CA20: -0.38299532 | CB20: -0.48382489 | CC20: -0.3795541 | CD20: -0.43512243 | CE20: -0.37639755 | CF20: -0.3630702 | CG20: -0.35497237 | CH20: -0.34960478 | CI20: -0.36144696 | CJ20: -0.38460129 | CK20: -0.41218408 | CL20: -0.35632393 | CM20: -0.34851772 | CN20: -0.38919739 | CO20: -0.39418205 | CP20: -0.39856223 | CQ20: -0.34 | CR20: -0.31 | CS20: -0.31 | CT20: -0.3 | CU20: -0.3 | CV20: -0.36 | CW20: -0.35 | CX20: -0.37 | CY20: -0.36 | CZ20: -0.36 | DA20: -0.35 | DB20: -0.32 | DC20: -0.33 | DD20: -0.32 | DE20: -0.33 | DF20: -0.33 | DG20: -0.33 | DH20: -0.33 | DI20: -0.33 | DJ20: -0.33 | DK20: -0.32 | DL20: -0.3 | DM20: -0.29 | DN20: -0.3 | DO20: -0.3 | DP20: -0.34 | DQ20: -0.35 | DR20: -0.36 | DS20: -0.36 | DT20: -0.36 | DU20: -0.36 | DV20: -0.35 | DW20: -0.35 | DX20: -0.35 | DY20: -0.34 | DZ20: -0.34 | EA20: -0.32 | EB20: -0.18873 | EC20: -0.18539 | ED20: -0.18189 | EE20: -0.17968 | EF20: -0.17883
A21: 27759 | B21: -0.65776862 | C21: -0.64574395 | D21: -0.64529506 | E21: -0.65150627 | F21: -0.66389909 | G21: -0.67645205 | H21: -0.68122669 | I21: -0.68530608 | J21: -0.68978916 | K21: -0.69546581 | L21: -0.69726963 | M21: -0.69922533 | N21: -0.69658949 | O21: -0.69374059 | P21: -0.68863486 | Q21: -0.6773354 | R21: -0.6684167 | S21: -0.65066387 | T21: -0.64819234 | U21: -0.64276965 | V21: -0.63485962 | W21: -0.55668978 | X21: -0.6487054 | Y21: -0.53893972 | Z21: -0.62812781 | AA21: -0.54940214 | AB21: -0.51480154 | AC21: -0.51068589 | AD21: -0.61464978 | AE21: -0.62190037 | AF21: -0.59536534 | AG21: -0.49435245 | AH21: -0.60508521 | AI21: -0.48430173 | AJ21: -0.55006627 | AK21: -0.47701631 | AL21: -0.47049167 | AM21: -0.60115284 | AN21: -0.5925855 | AO21: -0.46546089 | AP21: -0.60395853 | AQ21: -0.46057084 | AR21: -0.4587631 | AS21: -0.46081024 | AT21: -0.77914524 | AU21: -0.62853748 | AV21: -0.80934405 | AW21: -0.74928689 | AX21: -0.79569903 | AY21: -0.7886957 | AZ21: -0.78680769 | BA21: -0.79521863 | BB21: -0.74151407 | BC21: -0.75757725 | BD21: -0.72772703 | BE21: -0.71645664 | BF21: -0.74866891 | BG21: -0.73364078 | BH21: -0.69689354 | BI21: -0.7646701 | BJ21: -0.72430945 | BK21: -0.75128122 | BL21: -0.75228415 | BM21: -0.71859859 | BN21: -0.70949672 | BO21: -0.69943675 | BP21: -0.68748116 | BQ21: -0.68381116 | BR21: -0.69181383 | BS21: -0.66399997 | BT21: -0.66123248 | BU21: -0.65748318 | BV21: -0.67883872 | BW21: -0.64638968 | BX21: -0.63930483 | BY21: -0.65141045 | BZ21: -0.6336809 | CA21: -0.62941815 | CB21: -0.69303883 | CC21: -0.62665909 | CD21: -0.63375166 | CE21: -0.59230367 | CF21: -0.5751283 | CG21: -0.54741662 | CH21: -0.52406442 | CI21: -0.53317404 | CJ21: -0.5421031 | CK21: -0.53306425 | CL21: -0.5181824 | CM21: -0.50577669 | CN21: -0.53054222 | CO21: -0.5082188 | CP21: -0.51504692 | CQ21: -0.5 | CR21: -0.48 | CS21: -0.48 | CT21: -0.47 | CU21: -0.47 | CV21: -0.5 | CW21: -0.5 | CX21: -0.54 | CY21: -0.54 | CZ21: -0.53 | DA21: -0.53 | DB21: -0.5 | DC21: -0.5 | DD21: -0.5 | DE21: -0.5 | DF21: -0.5 | DG21: -0.5 | DH21: -0.51 | DI21: -0.51 | DJ21: -0.51 | DK21: -0.5 | DL21: -0.48 | DM21: -0.48 | DN21: -0.49 | DO21: -0.48 | DP21: -0.54 | DQ21: -0.56 | DR21: -0.57 | DS21: -0.57 | DT21: -0.57 | DU21: -0.57 | DV21: -0.56 | DW21: -0.56 | DX21: -0.56 | DY21: -0.56 | DZ21: -0.55 | EA21: -0.54 | EB21: -0.40362 | EC21: -0.39747 | ED21: -0.39385 | EE21: -0.39294 | EF21: -0.39102
... A70: 32233 | B70: -0.79487857 | C70: -0.67376991 | D70: -0.67804151 | E70: -0.67509552 | F70: -0.64366178 | G70: -0.64114279 | H70: -0.57394735 | I70: -0.58811354 | J70: -0.5932877 | K70: -0.59965684 | L70: -0.61516336 | M70: -0.62176736 | N70: -0.62753935 | O70: -0.45696429 | P70: -0.44025699 | Q70: -0.40893088 | R70: -0.38120275 | S70: -0.35606561 | T70: -0.52611466 | U70: -0.49603706 | V70: -0.46804344 | W70: -0.34225383 | X70: -0.43892107 | Y70: -0.30868487 | Z70: -0.30773488 | AA70: -0.21677964 | AB70: -0.27232366 | AC70: -0.26138572 | AD70: -0.30412487 | AE70: -0.27754054 | AF70: -0.14699425 | AG70: -0.22165851 | AH70: -0.25890389 | AI70: -0.19481603 | AJ70: -0.12149498 | AK70: -0.17421604 | AL70: -0.16886417 | AM70: -0.21014352 | AN70: -0.2011465 | AO70: -0.15076359 | AP70: -0.13855226 | AQ70: -0.13524847 | AR70: -0.131513 | AS70: -0.12990123 | AT70: 0.12582218 | AU70: -0.0012546686 | AV70: 0.10106934 | AW70: 0.047940109 | AX70: 0.095708226 | AY70: 0.076666023 | AZ70: 0.056601766 | BA70: 0.034720091 | BB70: -0.016769397 | BC70: 0.025457337 | BD70: -0.046409235 | BE70: -0.099016672 | BF70: -0.025674977 | BG70: -0.027287109 | BH70: -0.1175299 | BI70: 0.026515499 | BJ70: -0.018335106 | BK70: 0.037413451 | BL70: 0.01512807 | BM70: 0.044268251 | BN70: 0.048916691 | BO70: 0.048124062 | BP70: 0.046349509 | BQ70: 0.065821781 | BR70: 0.038875698 | BS70: 0.053781759 | BT70: 0.055914968 | BU70: 0.034576533 | BV70: 0.058884808 | BW70: 0.03042049 | BX70: 0.068209178 | BY70: 0.045194868 | BZ70: 0.074319679 | CA70: 0.072871765 | CB70: 0.063523333 | CC70: 0.10244429 | CD70: 0.097064686 | CE70: 0.11187954 | CF70: 0.098846903 | CG70: 0.054210431 | CH70: -0.0097843158 | CI70: -0.048071635 | CJ70: -0.058056884 | CK70: -0.068365675 | CL70: -0.070577484 | CM70: -0.050807084 | CN70: -0.038717759 | CO70: -0.030538286 | CP70: -0.013794679 | CQ70: 0.07 | CR70: 0.09 | CS70: 0.08 | CT70: 0.08 | CU70: 0.09 | CV70: 0.11 | CW70: 0.12 | CX70: -0.03 | CY70: -0.02 | CZ70: -0.01 | DA70: -0.01 | DB70: 0.03 | DC70: 0.03 | DD70: 0.03 | DE70: 0.03 | DF70: 0.03 | DG70: 0.04 | DH70: 0.03 | DI70: 0.03 | DJ70: 0.02 | DK70: 0.04 | DL70: 0.07 | DM70: 0.07 | DN70: 0.07 | DO70: 0.07 | DP70: -0.01 | DQ70: -0.1 | DR70: -0.11 | DS70: -0.11 | DT70: -0.12 | DU70: -0.12 | DV70: -0.11 | DW70: -0.1 | DX70: -0.12 | DY70: -0.12 | DZ70: -0.12 | EA70: -0.11 | EB70: 0.01083 | EC70: 0.0132 | ED70: 0.01543 | EE70: 0.00436 | EF70: 0.00597
A71: 32324 | B71: NaN | C71: -0.55926037 | D71: -0.44454895 | E71: -0.44430999 | F71: -0.4448098 | G71: -0.44620384 | H71: -0.40717446 | I71: -0.41655866 | J71: -0.4174435 | K71: -0.45129859 | L71: -0.46313327 | M71: -0.47195175 | N71: -0.4768773 | O71: -0.19749925 | P71: -0.17601518 | Q71: -0.14197542 | R71: -0.11783184 | S71: -0.10018645 | T71: -0.23542039 | U71: -0.22802007 | V71: -0.20450854 | W71: -0.15362342 | X71: -0.17458473 | Y71: -0.11987979 | Z71: -0.078384207 | AA71: -0.03976272 | AB71: -0.08451094 | AC71: -0.076084924 | AD71: -0.084771498 | AE71: -0.06650717 | AF71: 0.018006033 | AG71: -0.032427803 | AH71: -0.051705294 | AI71: -0.012662293 | AJ71: 0.044071984 | AK71: 0.0080022806 | AL71: 0.01793423 | AM71: -0.011152681 | AN71: -0.0039722022 | AO71: 0.039137175 | AP71: 0.049980537 | AQ71: 0.054598212 | AR71: 0.0589546 | AS71: 0.061573677 | AT71: 0.18403594 | AU71: 0.14701858 | AV71: 0.13383015 | AW71: 0.15727251 | AX71: 0.13663287 | AY71: 0.15986435 | AZ71: 0.14146075 | BA71: 0.11364914 | BB71: 0.090422257 | BC71: 0.11258535 | BD71: 0.060620321 | BE71: 0.024497672 | BF71: 0.079380533 | BG71: 0.075240836 | BH71: 0.027201831 | BI71: 0.12293409 | BJ71: 0.078503426 | BK71: 0.13926705 | BL71: 0.11193229 | BM71: 0.1412355 | BN71: 0.14442669 | BO71: 0.11595806 | BP71: 0.098872422 | BQ71: 0.11975814 | BR71: 0.12448752 | BS71: 0.095303867 | BT71: 0.12127646 | BU71: 0.12275596 | BV71: 0.12896269 | BW71: 0.11376826 | BX71: 0.12276309 | BY71: 0.12424013 | BZ71: 0.13404373 | CA71: 0.1329375 | CB71: 0.15691328 | CC71: 0.21936176 | CD71: 0.23061466 | CE71: 0.24075165 | CF71: 0.22833079 | CG71: 0.21249465 | CH71: 0.12724869 | CI71: 0.083281975 | CJ71: 0.064190879 | CK71: 0.065935358 | CL71: 0.051280529 | CM71: 0.075641762 | CN71: 0.099540021 | CO71: 0.10887321 | CP71: 0.12138204 | CQ71: 0.23 | CR71: 0.25 | CS71: 0.24 | CT71: 0.25 | CU71: 0.26 | CV71: 0.26 | CW71: 0.26 | CX71: 0.08 | CY71: 0.09 | CZ71: 0.09 | DA71: 0.1 | DB71: 0.14 | DC71: 0.14 | DD71: 0.14 | DE71: 0.13 | DF71: 0.13 | DG71: 0.13 | DH71: 0.12 | DI71: 0.12 | DJ71: 0.12 | DK71: 0.14 | DL71: 0.17 | DM71: 0.17 | DN71: 0.17 | DO71: 0.17 | DP71: 0.09 | DQ71: -0.04 | DR71: -0.05 | DS71: -0.06 | DT71: -0.07 | DU71: -0.07 | DV71: -0.07 | DW71: -0.06 | DX71: -0.08 | DY71: -0.08 | DZ71: -0.08 | EA71: -0.07 | EB71: 0.12442 | EC71: 0.12674 | ED71: 0.12888 | EE71: 0.11582 | EF71: 0.11615
A72: 32416 | B72: NaN | C72: NaN | D72: -0.47840324 | E72: -0.25780741 | F72: -0.19808544 | G72: -0.21065305 | H72: -0.20287825 | I72: -0.22783304 | J72: -0.23866271 | K72: -0.21977414 | L72: -0.23104769 | M72: -0.24947498 | N72: -0.26199381 | O72: -0.15085658 | P72: -0.13035616 | Q72: -0.10449953 | R72: -0.088411704 | S72: -0.074398618 | T72: -0.15546608 | U72: -0.13863859 | V72: -0.11670506 | W72: -0.20014812 | X72: -0.090453526 | Y72: -0.16751002 | Z72: -0.029848822 | AA72: -0.034126019 | AB72: -0.13033154 | AC72: -0.12360319 | AD72: -0.0063143461 | AE72: 0.0018903974 | AF72: 0.050596658 | AG72: -0.081102807 | AH72: 0.013902457 | AI72: -0.063387445 | AJ72: 0.096720063 | AK72: -0.045472648 | AL72: -0.034532066 | AM72: 0.050155005 | AN72: 0.061494377 | AO72: -0.012408201 | AP72: 0.094998049 | AQ72: 0.00089422598 | AR72: 0.0064358117 | AS72: 0.0084180931 | AT72: 0.20660408 | AU72: 0.17099459 | AV72: 0.15686268 | AW72: 0.18869573 | AX72: 0.16475457 | AY72: 0.19771446 | AZ72: 0.18148529 | BA72: 0.15538782 | BB72: 0.14565327 | BC72: 0.16217804 | BD72: 0.11341821 | BE72: 0.083483388 | BF72: 0.13374183 | BG72: 0.13112311 | BH72: 0.089631327 | BI72: 0.17542114 | BJ72: 0.133094 | BK72: 0.20255849 | BL72: 0.17205715 | BM72: 0.20049422 | BN72: 0.20306802 | BO72: 0.1650439 | BP72: 0.13616875 | BQ72: 0.16583356 | BR72: 0.18822532 | BS72: 0.12700147 | BT72: 0.16015354 | BU72: 0.18805351 | BV72: 0.17389959 | BW72: 0.1739673 | BX72: 0.16175572 | BY72: 0.17599447 | BZ72: 0.1716108 | CA72: 0.17185445 | CB72: 0.218044 | CC72: 0.27583534 | CD72: 0.28264456 | CE72: 0.26964216 | CF72: 0.2519175 | CG72: 0.21024846 | CH72: 0.11351294 | CI72: 0.06879038 | CJ72: 0.05245635 | CK72: 0.063265759 | CL72: 0.039624226 | CM72: 0.05986988 | CN72: 0.090771711 | CO72: 0.10102039 | CP72: 0.11162369 | CQ72: 0.18 | CR72: 0.2 | CS72: 0.19 | CT72: 0.19 | CU72: 0.2 | CV72: 0.21 | CW72: 0.22 | CX72: 0.08 | CY72: 0.09 | CZ72: 0.09 | DA72: 0.09 | DB72: 0.13 | DC72: 0.13 | DD72: 0.13 | DE72: 0.13 | DF72: 0.13 | DG72: 0.12 | DH72: 0.12 | DI72: 0.12 | DJ72: 0.11 | DK72: 0.14 | DL72: 0.17 | DM72: 0.17 | DN72: 0.16 | DO72: 0.17 | DP72: 0.04 | DQ72: -0.06 | DR72: -0.08 | DS72: -0.09 | DT72: -0.09 | DU72: -0.1 | DV72: -0.1 | DW72: -0.08 | DX72: -0.11 | DY72: -0.11 | DZ72: -0.1 | EA72: -0.09 | EB72: 0.10165 | EC72: 0.10392 | ED72: 0.10585 | EE72: 0.0929 | EF72: 0.09335
A73: 32508 | B73: NaN | C73: NaN | D73: NaN | E73: -0.15818806 | F73: -0.072337433 | G73: -0.098449547 | H73: 0.097874278 | I73: 0.068751268 | J73: 0.059936331 | K73: 0.064940786 | L73: 0.049190488 | M73: 0.026961456 | N73: 0.01331058 | O73: -0.23031235 | P73: -0.204365 | Q73: -0.17443216 | R73: -0.1672197 | S73: -0.15483594 | T73: -0.1346613 | U73: -0.12302049 | V73: -0.10090531 | W73: -0.17116666 | X73: -0.076501177 | Y73: -0.12951788 | Z73: -0.076635927 | AA73: -0.091659534 | AB73: -0.085679424 | AC73: -0.074573417 | AD73: -0.032363367 | AE73: -0.037899358 | AF73: -0.037464271 | AG73: -0.040425215 | AH73: -0.022331245 | AI73: -0.016157777 | AJ73: 0.013662721 | AK73: 0.0024939528 | AL73: 0.0084243707 | AM73: 0.015179087 | AN73: 0.02841454 | AO73: 0.025629683 | AP73: 0.04395329 | AQ73: 0.037681868 | AR73: 0.040749431 | AS73: 0.04180731 | AT73: 0.040901969 | AU73: 0.056028815 | AV73: -0.014457583 | AW73: 0.026313538 | AX73: -0.010398854 | AY73: 0.018346721 | AZ73: 0.005764867 | BA73: -0.021247761 | BB73: -0.02864056 | BC73: -0.030474425 | BD73: -0.041348002 | BE73: -0.034155413 | BF73: -0.038677009 | BG73: -0.040775566 | BH73: -0.012140309 | BI73: -0.027256026 | BJ73: -0.045328428 | BK73: -0.015314138 | BL73: -0.018044194 | BM73: -0.013012439 | BN73: -0.0048325408 | BO73: -0.031770887 | BP73: -0.052784625 | BQ73: -0.041600885 | BR73: -0.026350895 | BS73: -0.057890429 | BT73: -0.033250384 | BU73: -0.016805855 | BV73: -0.024004479 | BW73: -0.028414125 | BX73: -0.026380432 | BY73: -0.029915603 | BZ73: -0.024377819 | CA73: -0.022182148 | CB73: 0.0099468653 | CC73: 0.055977216 | CD73: 0.079806393 | CE73: 0.11162451 | CF73: 0.10112692 | CG73: 0.11780701 | CH73: 0.047280586 | CI73: 0.0087168878 | CJ73: -0.0098024364 | CK73: -0.027955765 | CL73: -0.026227404 | CM73: -0.0064363938 | CN73: 0.018770304 | CO73: 0.017169308 | CP73: 0.031686691 | CQ73: 0.12 | CR73: 0.15 | CS73: 0.14 | CT73: 0.14 | CU73: 0.15 | CV73: 0.16 | CW73: 0.17 | CX73: 0.03 | CY73: 0.04 | CZ73: 0.04 | DA73: 0.04 | DB73: 0.09 | DC73: 0.09 | DD73: 0.08 | DE73: 0.08 | DF73: 0.07 | DG73: 0.07 | DH73: 0.07 | DI73: 0.06 | DJ73: 0.06 | DK73: 0.09 | DL73: 0.12 | DM73: 0.12 | DN73: 0.11 | DO73: 0.11 | DP73: 0.01 | DQ73: -0.13 | DR73: -0.14 | DS73: -0.16 | DT73: -0.16 | DU73: -0.17 | DV73: -0.17 | DW73: -0.16 | DX73: -0.18 | DY73: -0.18 | DZ73: -0.18 | EA73: -0.17 | EB73: 0.01103 | EC73: 0.01239 | ED73: 0.01317 | EE73: 0.00144 | EF73: 0.00219
A74: 32598 | B74: NaN | C74: NaN | D74: NaN | E74: NaN | F74: 0.44420642 | G74: 0.30948899 | H74: 0.047265575 | I74: -0.00083003683 | J74: -0.02958833 | K74: 0.0029921468 | L74: -0.006652255 | M74: -0.040857053 | N74: -0.064142462 | O74: 0.27741225 | P74: 0.29485433 | Q74: 0.30599273 | R74: 0.31992837 | S74: 0.32365686 | T74: 0.22075099 | U74: 0.23614189 | V74: 0.25608228 | W74: 0.070800565 | X74: 0.28827729 | Y74: 0.10816007 | Z74: 0.31576664 | AA74: 0.29050648 | AB74: 0.15188977 | AC74: 0.16318343 | AD74: 0.35213598 | AE74: 0.34880732 | AF74: 0.38368015 | AG74: 0.19468625 | AH74: 0.3468001 | AI74: 0.21848446 | AJ74: 0.40892818 | AK74: 0.23537824 | AL74: 0.24357026 | AM74: 0.38377074 | AN74: 0.39514953 | AO74: 0.26196803 | AP74: 0.4279644 | AQ74: 0.27449965 | AR74: 0.2789642 | AS74: 0.28348429 | AT74: 0.5557353 | AU74: 0.54632022 | AV74: 0.43339158 | AW74: 0.58961309 | AX74: 0.47388941 | AY74: 0.65111987 | AZ74: 0.64091299 | BA74: 0.58619545 | BB74: 0.56936056 | BC74: 0.6198796 | BD74: 0.51340401 | BE74: 0.45842744 | BF74: 0.55907669 | BG74: 0.55127333 | BH74: 0.45990374 | BI74: 0.68310371 | BJ74: 0.5474884 | BK74: 0.7348364 | BL74: 0.60998667 | BM74: 0.70654803 | BN74: 0.71746604 | BO74: 0.58227147 | BP74: 0.47954575 | BQ74: 0.50940085 | BR74: 0.60569703 | BS74: 0.42436712 | BT74: 0.53477292 | BU74: 0.58055752 | BV74: 0.56828934 | BW74: 0.56623298 | BX74: 0.52064254 | BY74: 0.56996791 | BZ74: 0.53429341 | CA74: 0.53956067 | CB74: 0.65501795 | CC74: 0.88170451 | CD74: 0.85788402 | CE74: 0.85838516 | CF74: 0.82537299 | CG74: 0.77954508 | CH74: 0.62938468 | CI74: 0.55486462 | CJ74: 0.52087295 | CK74: 0.50909189 | CL74: 0.4941925 | CM74: 0.51903155 | CN74: 0.55076347 | CO74: 0.55416978 | CP74: 0.5675906 | CQ74: 0.62 | CR74: 0.65 | CS74: 0.63 | CT74: 0.64 | CU74: 0.65 | CV74: 0.68 | CW74: 0.68 | CX74: 0.49 | CY74: 0.5 | CZ74: 0.5 | DA74: 0.5 | DB74: 0.57 | DC74: 0.56 | DD74: 0.56 | DE74: 0.55 | DF74: 0.54 | DG74: 0.54 | DH74: 0.53 | DI74: 0.52 | DJ74: 0.51 | DK74: 0.54 | DL74: 0.59 | DM74: 0.59 | DN74: 0.58 | DO74: 0.58 | DP74: 0.4 | DQ74: 0.21 | DR74: 0.18 | DS74: 0.16 | DT74: 0.15 | DU74: 0.14 | DV74: 0.14 | DW74: 0.15 | DX74: 0.11 | DY74: 0.11 | DZ74: 0.11 | EA74: 0.13 | EB74: 0.49431 | EC74: 0.4969 | ED74: 0.49763 | EE74: 0.47567 | EF74: 0.47639
A75: 32689 | B75: NaN | C75: NaN | D75: NaN | E75: NaN | F75: NaN | G75: 0.078760839 | H75: 0.25224875 | I75: 0.19206332 | J75: 0.16711972 | K75: 0.095759212 | L75: 0.078395338 | M75: 0.04562651 | N75: 0.032576992 | O75: -0.15548347 | P75: -0.12374953 | Q75: -0.096249569 | R75: -0.079210949 | S75: -0.061882961 | T75: 0.13614053 | U75: 0.13930734 | V75: 0.15991102 | W75: -0.06535328 | X75: 0.18403518 | Y75: -0.028201472 | Z75: 0.1757783 | AA75: 0.065498349 | AB75: 0.014874819 | AC75: 0.024410892 | AD75: 0.24383037 | AE75: 0.23958302 | AF75: 0.15811704 | AG75: 0.061573645 | AH75: 0.2523411 | AI75: 0.080209257 | AJ75: 0.21080201 | AK75: 0.099009561 | AL75: 0.10844249 | AM75: 0.30313561 | AN75: 0.31945151 | AO75: 0.12872471 | AP75: 0.28248767 | AQ75: 0.14156702 | AR75: 0.1470139 | AS75: 0.15085045 | AT75: 0.18562592 | AU75: 0.24824345 | AV75: 0.12543646 | AW75: 0.19475081 | AX75: 0.1308017 | AY75: 0.13700762 | AZ75: 0.11769934 | BA75: 0.089355348 | BB75: 0.14459045 | BC75: 0.10102679 | BD75: 0.13928586 | BE75: 0.17823453 | BF75: 0.14672929 | BG75: 0.14326591 | BH75: 0.23714031 | BI75: 0.080876684 | BJ75: 0.12357632 | BK75: 0.098663155 | BL75: 0.1555814 | BM75: 0.10089675 | BN75: 0.10750966 | BO75: 0.092801558 | BP75: 0.078040747 | BQ75: 0.098105764 | BR75: 0.13800917 | BS75: 0.079951584 | BT75: 0.096831692 | BU75: 0.17007463 | BV75: 0.11276371 | BW75: 0.14370947 | BX75: 0.099474744 | BY75: 0.12261739 | BZ75: 0.10490568 | CA75: 0.10683045 | CB75: 0.18461683 | CC75: 0.17749934 | CD75: 0.2452837 | CE75: 0.23426325 | CF75: 0.21294362 | CG75: 0.25761065 | CH75: 0.1681992 | CI75: 0.12351018 | CJ75: 0.11403901 | CK75: 0.17397804 | CL75: 0.095158014 | CM75: 0.11117612 | CN75: 0.18880173 | CO75: 0.21634509 | CP75: 0.2292241 | CQ75: 0.21 | CR75: 0.24 | CS75: 0.23 | CT75: 0.23 | CU75: 0.24 | CV75: 0.25 | CW75: 0.25 | CX75: 0.16 | CY75: 0.17 | CZ75: 0.17 | DA75: 0.18 | DB75: 0.22 | DC75: 0.22 | DD75: 0.22 | DE75: 0.21 | DF75: 0.21 | DG75: 0.21 | DH75: 0.2 | DI75: 0.2 | DJ75: 0.19 | DK75: 0.22 | DL75: 0.25 | DM75: 0.25 | DN75: 0.25 | DO75: 0.25 | DP75: 0.12 | DQ75: 0.03 | DR75: 0.02 | DS75: 0.01 | DT75: 0 | DU75: 0 | DV75: 0 | DW75: 0 | DX75: -0.02 | DY75: -0.03 | DZ75: -0.03 | EA75: -0.01 | EB75: 0.14363 | EC75: 0.14437 | ED75: 0.14457 | EE75: 0.13385 | EF75: 0.13596
A76: 32781 | B76: NaN | C76: NaN | D76: NaN | E76: NaN | F76: NaN | G76: NaN | H76: 0.27285412 | I76: 0.068342565 | J76: 0.026333157 | K76: -0.030093156 | L76: -0.05365133 | M76: -0.093878926 | N76: -0.11615683 | O76: -0.22116163 | P76: -0.14714328 | Q76: -0.11822825 | R76: -0.10482108 | S76: -0.089964456 | T76: 0.12377962 | U76: 0.14060878 | V76: 0.16708503 | W76: -0.12902044 | X76: 0.18471232 | Y76: -0.087363819 | Z76: 0.17704219 | AA76: 0.035236049 | AB76: -0.039995967 | AC76: -0.027398485 | AD76: 0.25737552 | AE76: 0.24834432 | AF76: 0.15989923 | AG76: 0.0059262523 | AH76: 0.24826317 | AI76: 0.029858182 | AJ76: 0.20729808 | AK76: 0.049040717 | AL76: 0.056352881 | AM76: 0.29184908 | AN76: 0.30715054 | AO76: 0.074992622 | AP76: 0.26902629 | AQ76: 0.087101268 | AR76: 0.091678117 | AS76: 0.095976634 | AT76: 0.29009199 | AU76: 0.26669674 | AV76: 0.23914716 | AW76: 0.25826305 | AX76: 0.23828673 | AY76: 0.206172 | AZ76: 0.18362427 | BA76: 0.15897799 | BB76: 0.19270717 | BC76: 0.16480039 | BD76: 0.18988774 | BE76: 0.2106761 | BF76: 0.19892469 | BG76: 0.19550738 | BH76: 0.24730544 | BI76: 0.12236743 | BJ76: 0.17623613 | BK76: 0.13123806 | BL76: 0.20777082 | BM76: 0.14482574 | BN76: 0.1522962 | BO76: 0.1710337 | BP76: 0.17411349 | BQ76: 0.20144128 | BR76: 0.20162789 | BS76: 0.18702704 | BT76: 0.17903346 | BU76: 0.23082182 | BV76: 0.1922133 | BW76: 0.20199282 | BX76: 0.19002056 | BY76: 0.18772248 | BZ76: 0.19399771 | CA76: 0.19309895 | CB76: 0.23476904 | CC76: 0.20811935 | CD76: 0.26850751 | CE76: 0.28706753 | CF76: 0.27494136 | CG76: 0.27989782 | CH76: 0.23833603 | CI76: 0.20413587 | CJ76: 0.19327898 | CK76: 0.19245608 | CL76: 0.19156682 | CM76: 0.20190268 | CN76: 0.20883041 | CO76: 0.22850734 | CP76: 0.23972899 | CQ76: 0.16 | CR76: 0.19 | CS76: 0.18 | CT76: 0.18 | CU76: 0.19 | CV76: 0.2 | CW76: 0.2 | CX76: 0.18 | CY76: 0.19 | CZ76: 0.19 | DA76: 0.19 | DB76: 0.23 | DC76: 0.23 | DD76: 0.23 | DE76: 0.22 | DF76: 0.22 | DG76: 0.22 | DH76: 0.22 | DI76: 0.21 | DJ76: 0.2 | DK76: 0.23 | DL76: 0.25 | DM76: 0.25 | DN76: 0.25 | DO76: 0.25 | DP76: 0.18 | DQ76: 0.11 | DR76: 0.09 | DS76: 0.08 | DT76: 0.08 | DU76: 0.07 | DV76: 0.07 | DW76: 0.08 | DX76: 0.05 | DY76: 0.05 | DZ76: 0.05 | EA76: 0.06 | EB76: 0.23542 | EC76: 0.23661 | ED76: 0.23712 | EE76: 0.22959 | EF76: 0.2312
A77: 32873 | B77: NaN | C77: NaN | D77: NaN | E77: NaN | F77: NaN | G77: NaN | H77: NaN | I77: 0.23406103 | J77: 0.02465583 | K77: 0.099518382 | L77: 0.074147765 | M77: 0.026257149 | N77: -0.0074865736 | O77: -0.70123974 | P77: -0.54113738 | Q77: -0.50624187 | R77: -0.51397335 | S77: -0.49902125 | T77: -0.070594788 | U77: -0.036978327 | V77: -0.0062957051 | W77: -0.58113704 | X77: -0.0068663393 | Y77: -0.53814863 | Z77: -0.076403904 | AA77: -0.35193168 | AB77: -0.4835645 | AC77: -0.47295352 | AD77: 0.062939309 | AE77: 0.031808277 | AF77: -0.13694889 | AG77: -0.44569404 | AH77: 0.037946907 | AI77: -0.42272903 | AJ77: -0.079061795 | AK77: -0.40510242 | AL77: -0.39996953 | AM77: 0.081719471 | AN77: 0.099413314 | AO77: -0.3880436 | AP77: 0.022485102 | AQ77: -0.37953293 | AR77: -0.37661694 | AS77: -0.37394824 | AT77: 0.15149456 | AU77: -0.02922673 | AV77: 0.14285175 | AW77: 0.036662382 | AX77: 0.12666369 | AY77: 0.017596658 | AZ77: -0.0021011985 | BA77: -0.01268237 | BB77: -0.013624623 | BC77: -0.028927606 | BD77: 0.010562967 | BE77: 0.038825379 | BF77: -0.0013657911 | BG77: -0.0004905848 | BH77: 0.067985224 | BI77: -0.081454953 | BJ77: -0.0093851172 | BK77: -0.09786046 | BL77: 0.008258245 | BM77: -0.067857373 | BN77: -0.058196568 | BO77: 0.008387428 | BP77: 0.049821494 | BQ77: 0.070834616 | BR77: 0.01150021 | BS77: 0.082902194 | BT77: 0.03750918 | BU77: 0.046908711 | BV77: 0.030052623 | BW77: 0.014467148 | BX77: 0.055351077 | BY77: 0.0071124486 | BZ77: 0.049838268 | CA77: 0.046858999 | CB77: 0.017967607 | CC77: -0.046634901 | CD77: -0.01013479 | CE77: 0.0027479401 | CF77: -0.019127807 | CG77: -0.098438255 | CH77: -0.14847947 | CI77: -0.17582898 | CJ77: -0.18061317 | CK77: -0.20720795 | CL77: -0.18227759 | CM77: -0.17918172 | CN77: -0.20413925 | CO77: -0.18577327 | CP77: -0.18031389 | CQ77: -0.16 | CR77: -0.14 | CS77: -0.15 | CT77: -0.15 | CU77: -0.14 | CV77: -0.13 | CW77: -0.12 | CX77: -0.07 | CY77: -0.06 | CZ77: -0.06 | DA77: -0.05 | DB77: -0.04 | DC77: -0.04 | DD77: -0.03 | DE77: -0.03 | DF77: -0.03 | DG77: -0.02 | DH77: -0.02 | DI77: -0.02 | DJ77: -0.02 | DK77: -0.01 | DL77: 0 | DM77: 0 | DN77: 0 | DO77: 0.01 | DP77: -0.1 | DQ77: -0.1 | DR77: -0.1 | DS77: -0.1 | DT77: -0.1 | DU77: -0.1 | DV77: -0.1 | DW77: -0.1 | DX77: -0.15 | DY77: -0.15 | DZ77: -0.16 | EA77: -0.15 | EB77: -0.05043 | EC77: -0.04821 | ED77: -0.04668 | EE77: -0.04519 | EF77: -0.04287
A78: 32963 | B78: NaN | C78: NaN | D78: NaN | E78: NaN | F78: NaN | G78: NaN | H78: NaN | I78: NaN | J78: -0.11114146 | K78: -0.098207091 | L78: -0.12873663 | M78: -0.18472065 | N78: -0.22151403 | O78: -0.51617099 | P78: -0.44978763 | Q78: -0.42300269 | R78: -0.41487973 | S78: -0.40894179 | T78: -0.18413173 | U78: -0.1558416 | V78: -0.11948513 | W78: -0.72608344 | X78: -0.10026535 | Y78: -0.68367993 | Z78: -0.12618302 | AA78: -0.39882261 | AB78: -0.63784261 | AC78: -0.62986395 | AD78: -0.032361546 | AE78: -0.054291188 | AF78: -0.17919794 | AG78: -0.60222562 | AH78: -0.049860158 | AI78: -0.58227328 | AJ78: -0.11824185 | AK78: -0.56723274 | AL78: -0.55997733 | AM78: -0.033832901 | AN78: -0.022891919 | AO78: -0.54989519 | AP78: -0.080738625 | AQ78: -0.54194913 | AR78: -0.54019029 | AS78: -0.53629862 | AT78: 0.1316131 | AU78: -0.085689557 | AV78: 0.13010212 | AW78: 0.027897722 | AX78: 0.12356967 | AY78: 0.045613813 | AZ78: 0.028172491 | BA78: 0.012282412 | BB78: -0.017492953 | BC78: 0.0029186239 | BD78: -0.034562841 | BE78: -0.054236721 | BF78: -0.020719637 | BG78: -0.020531538 | BH78: -0.054222489 | BI78: -0.022133278 | BJ78: -0.022327664 | BK78: -0.020798884 | BL78: 0.0055753256 | BM78: -0.0025720161 | BN78: 0.0028881757 | BO78: 0.035096378 | BP78: 0.0550252 | BQ78: 0.076781059 | BR78: 0.04755318 | BS78: 0.077507526 | BT78: 0.052466046 | BU78: 0.050633801 | BV78: 0.053902219 | BW78: 0.035546823 | BX78: 0.066668049 | BY78: 0.040800519 | BZ78: 0.066930916 | CA78: 0.065981862 | CB78: 0.049954115 | CC78: 0.024875356 | CD78: 0.017995734 | CE78: -0.0092927621 | CF78: -0.029128354 | CG78: -0.12304876 | CH78: -0.15247384 | CI78: -0.15619114 | CJ78: -0.15090293 | CK78: -0.15865034 | CL78: -0.13960443 | CM78: -0.14013224 | CN78: -0.17570678 | CO78: -0.15136221 | CP78: -0.14481001 | CQ78: 0 | CR78: 0.02 | CS78: 0 | CT78: 0 | CU78: 0.01 | CV78: 0.04 | CW78: 0.05 | CX78: 0.03 | CY78: 0.03 | CZ78: 0.04 | DA78: 0.04 | DB78: 0.05 | DC78: 0.06 | DD78: 0.06 | DE78: 0.06 | DF78: 0.07 | DG78: 0.07 | DH78: 0.08 | DI78: 0.08 | DJ78: 0.07 | DK78: 0.08 | DL78: 0.08 | DM78: 0.09 | DN78: 0.09 | DO78: 0.09 | DP78: -0.11 | DQ78: -0.11 | DR78: -0.11 | DS78: -0.11 | DT78: -0.11 | DU78: -0.11 | DV78: -0.11 | DW78: -0.11 | DX78: -0.11 | DY78: -0.11 | DZ78: -0.11 | EA78: -0.11 | EB78: -0.03575 | EC78: -0.03295 | ED78: -0.0308 | EE78: -0.02608 | EF78: -0.02389
A79: 33054 | B79: NaN | C79: NaN | D79: NaN | E79: NaN | F79: NaN | G79: NaN | H79: NaN | I79: NaN | J79: NaN | K79: -0.054769596 | L79: -0.072104155 | M79: -0.11829312 | N79: -0.14975792 | O79: -0.71620638 | P79: -0.66523073 | Q79: -0.63395102 | R79: -0.6486341 | S79: -0.63445461 | T79: -0.17356031 | U79: -0.10810635 | V79: -0.036385259 | W79: -0.78484886 | X79: 0.019422203 | Y79: -0.74199945 | Z79: 0.016483998 | AA79: -0.17384545 | AB79: -0.69121792 | AC79: -0.68476142 | AD79: 0.089808732 | AE79: 0.078427984 | AF79: -0.018417159 | AG79: -0.65559482 | AH79: 0.11007494 | AI79: -0.64000921 | AJ79: 0.060215359 | AK79: -0.62299264 | AL79: -0.61370372 | AM79: 0.13297233 | AN79: 0.14548348 | AO79: -0.6030831 | AP79: 0.099326383 | AQ79: -0.59550247 | AR79: -0.59261223 | AS79: -0.59238885 | AT79: 0.0032258608 | AU79: 0.010601978 | AV79: 0.0099053001 | AW79: 0.014915913 | AX79: -0.0071571744 | AY79: -0.12364452 | AZ79: -0.14641275 | BA79: -0.14114893 | BB79: -0.0076465227 | BC79: -0.13027869 | BD79: -0.024888507 | BE79: -0.0087907224 | BF79: -0.051390942 | BG79: -0.071494739 | BH79: -0.021276879 | BI79: -0.22595537 | BJ79: -0.084654425 | BK79: -0.22492918 | BL79: -0.066405509 | BM79: -0.198983 | BN79: -0.20005966 | BO79: -0.1304459 | BP79: -0.093449659 | BQ79: -0.062310447 | BR79: -0.053853718 | BS79: -0.056917229 | BT79: -0.09959614 | BU79: -0.016942308 | BV79: -0.090807454 | BW79: -0.041219756 | BX79: -0.087286122 | BY79: -0.059305135 | BZ79: -0.082016824 | CA79: -0.080574418 | CB79: -0.027122051 | CC79: -0.20404018 | CD79: -0.086489718 | CE79: -0.21014993 | CF79: -0.22177288 | CG79: -0.23170937 | CH79: -0.26991627 | CI79: -0.25494035 | CJ79: -0.21240506 | CK79: -0.0068216065 | CL79: -0.2278728 | CM79: -0.23265599 | CN79: -0.037079781 | CO79: -0.0048445854 | CP79: 0.00054079161 | CQ79: -0.13 | CR79: -0.12 | CS79: -0.14 | CT79: -0.14 | CU79: -0.14 | CV79: -0.1 | CW79: -0.09 | CX79: -0.16 | CY79: -0.15 | CZ79: -0.15 | DA79: -0.14 | DB79: -0.13 | DC79: -0.13 | DD79: -0.12 | DE79: -0.12 | DF79: -0.12 | DG79: -0.11 | DH79: -0.11 | DI79: -0.11 | DJ79: -0.11 | DK79: -0.1 | DL79: -0.1 | DM79: -0.1 | DN79: -0.1 | DO79: -0.1 | DP79: -0.27 | DQ79: -0.25 | DR79: -0.25 | DS79: -0.25 | DT79: -0.24 | DU79: -0.24 | DV79: -0.24 | DW79: -0.24 | DX79: -0.23 | DY79: -0.23 | DZ79: -0.23 | EA79: -0.22 | EB79: -0.19349 | EC79: -0.19326 | ED79: -0.19192 | EE79: -0.185 | EF79: -0.18232
A80: 33146 | B80: NaN | C80: NaN | D80: NaN | E80: NaN | F80: NaN | G80: NaN | H80: NaN | I80: NaN | J80: NaN | K80: NaN | L80: -0.14843892 | M80: -0.12192979 | N80: -0.14698269 | O80: -0.51747723 | P80: -0.45235274 | Q80: -0.41501402 | R80: -0.29116436 | S80: -0.259641 | T80: 0.17729263 | U80: 0.36737264 | V80: 0.43832643 | W80: -0.36572966 | X80: 0.51215101 | Y80: -0.32754978 | Z80: 0.49299589 | AA80: 0.2432319 | AB80: -0.28274824 | AC80: -0.27363222 | AD80: 0.58022864 | AE80: 0.55945895 | AF80: 0.39197745 | AG80: -0.23484483 | AH80: 0.60684014 | AI80: -0.21875436 | AJ80: 0.49079485 | AK80: -0.19767587 | AL80: -0.18482181 | AM80: 0.65159354 | AN80: 0.66562946 | AO80: -0.16991893 | AP80: 0.58276405 | AQ80: -0.15693718 | AR80: -0.15261443 | AS80: -0.15008774 | AT80: 0.12688398 | AU80: 0.36180016 | AV80: 0.052495357 | AW80: 0.22540924 | AX80: 0.055439919 | AY80: 0.071382883 | AZ80: 0.049076809 | BA80: 0.043450884 | BB80: 0.25533904 | BC80: 0.076126618 | BD80: 0.25767507 | BE80: 0.32744181 | BF80: 0.21133934 | BG80: 0.19600002 | BH80: 0.35715054 | BI80: -0.010587724 | BJ80: 0.14688305 | BK80: 0.0071693489 | BL80: 0.17328588 | BM80: 0.011724799 | BN80: 0.012971619 | BO80: 0.010890861 | BP80: -0.0023246456 | BQ80: 0.034054758 | BR80: 0.12632751 | BS80: 0.0038407471 | BT80: 0.025741222 | BU80: 0.21075266 | BV80: 0.051067364 | BW80: 0.16011496 | BX80: 0.017759354 | BY80: 0.093564221 | BZ80: 0.028394424 | CA80: 0.032526322 | CB80: 0.18830324 | CC80: 0.066244045 | CD80: 0.18533159 | CE80: 0.12681822 | CF80: 0.1225381 | CG80: 0.19699052 | CH80: 0.20218051 | CI80: 0.22505074 | CJ80: 0.24052723 | CK80: 0.29317574 | CL80: 0.24703183 | CM80: 0.24465725 | CN80: 0.22712871 | CO80: 0.29976623 | CP80: 0.30477812 | CQ80: 0.2 | CR80: 0.2 | CS80: 0.19 | CT80: 0.19 | CU80: 0.19 | CV80: 0.24 | CW80: 0.24 | CX80: 0.32 | CY80: 0.32 | CZ80: 0.33 | DA80: 0.33 | DB80: 0.33 | DC80: 0.34 | DD80: 0.34 | DE80: 0.34 | DF80: 0.35 | DG80: 0.36 | DH80: 0.36 | DI80: 0.36 | DJ80: 0.36 | DK80: 0.36 | DL80: 0.36 | DM80: 0.36 | DN80: 0.36 | DO80: 0.37 | DP80: 0.23 | DQ80: 0.22 | DR80: 0.22 | DS80: 0.21 | DT80: 0.21 | DU80: 0.21 | DV80: 0.21 | DW80: 0.21 | DX80: 0.23 | DY80: 0.24 | DZ80: 0.23 | EA80: 0.23 | EB80: 0.29106 | EC80: 0.28883 | ED80: 0.28892 | EE80: 0.29306 | EF80: 0.297
A81: 33238 | B81: NaN | C81: NaN | D81: NaN | E81: NaN | F81: NaN | G81: NaN | H81: NaN | I81: NaN | J81: NaN | K81: NaN | L81: NaN | M81: 0.19641591 | N81: 0.19005264 | O81: -0.42920748 | P81: -0.24069294 | Q81: -0.19598242 | R81: -0.13213641 | S81: -0.084292374 | T81: 0.65967164 | U81: 0.78653751 | V81: 0.85050901 | W81: -0.031097134 | X81: 0.92765268 | Y81: -0.00081768718 | Z81: 0.86545204 | AA81: 0.58138689 | AB81: 0.044267644 | AC81: 0.052653566 | AD81: 0.99882271 | AE81: 0.97099393 | AF81: 0.74072274 | AG81: 0.093091961 | AH81: 1.0455902 | AI81: 0.10451538 | AJ81: 0.86601941 | AK81: 0.12691781 | AL81: 0.14156897 | AM81: 1.121918 | AN81: 1.1496954 | AO81: 0.16086203 | AP81: 1.0460161 | AQ81: 0.17396603 | AR81: 0.17992129 | AS81: 0.18353104 | AT81: 0.299508 | AU81: 0.67127214 | AV81: 0.19230728 | AW81: 0.42186425 | AX81: 0.19906655 | AY81: 0.20046159 | AZ81: 0.1766138 | BA81: 0.16852317 | BB81: 0.45156232 | BC81: 0.20417197 | BD81: 0.48038442 | BE81: 0.61033281 | BF81: 0.40080502 | BG81: 0.38588865 | BH81: 0.69725512 | BI81: 0.075836845 | BJ81: 0.32903514 | BK81: 0.082194702 | BL81: 0.35722448 | BM81: 0.099565849 | BN81: 0.10569611 | BO81: 0.12782296 | BP81: 0.12970282 | BQ81: 0.17017025 | BR81: 0.26193011 | BS81: 0.1432786 | BT81: 0.15101664 | BU81: 0.38069702 | BV81: 0.1751924 | BW81: 0.30815848 | BX81: 0.14662603 | BY81: 0.21508395 | BZ81: 0.15111189 | CA81: 0.15578401 | CB81: 0.33560871 | CC81: 0.16792905 | CD81: 0.35906315 | CE81: 0.33811017 | CF81: 0.33378578 | CG81: 0.44846455 | CH81: 0.42666939 | CI81: 0.42356136 | CJ81: 0.42503269 | CK81: 0.47997163 | CL81: 0.42395786 | CM81: 0.4230565 | CN81: 0.39705372 | CO81: 0.49310471 | CP81: 0.49640694 | CQ81: 0.36 | CR81: 0.4 | CS81: 0.39 | CT81: 0.39 | CU81: 0.39 | CV81: 0.39 | CW81: 0.4 | CX81: 0.45 | CY81: 0.45 | CZ81: 0.46 | DA81: 0.46 | DB81: 0.47 | DC81: 0.47 | DD81: 0.47 | DE81: 0.47 | DF81: 0.47 | DG81: 0.48 | DH81: 0.48 | DI81: 0.48 | DJ81: 0.47 | DK81: 0.48 | DL81: 0.49 | DM81: 0.48 | DN81: 0.48 | DO81: 0.48 | DP81: 0.34 | DQ81: 0.37 | DR81: 0.36 | DS81: 0.36 | DT81: 0.36 | DU81: 0.36 | DV81: 0.36 | DW81: 0.36 | DX81: 0.36 | DY81: 0.36 | DZ81: 0.36 | EA81: 0.38 | EB81: 0.45834 | EC81: 0.45881 | ED81: 0.46013 | EE81: 0.46334 | EF81: 0.46788
A82: 33328 | B82: NaN | C82: NaN | D82: NaN | E82: NaN | F82: NaN | G82: NaN | H82: NaN | I82: NaN | J82: NaN | K82: NaN | L82: NaN | M82: NaN | N82: -0.46705929 | O82: -0.90844678 | P82: -0.8829489 | Q82: -0.85154888 | R82: -0.84184332 | S82: -0.81441331 | T82: -0.33081901 | U82: -0.062734931 | V82: 0.010513926 | W82: -0.84363304 | X82: 0.069085362 | Y82: -0.80449229 | Z82: 0.067337003 | AA82: -0.059422444 | AB82: -0.75603815 | AC82: -0.74978772 | AD82: 0.13682745 | AE82: 0.13447278 | AF82: 0.072530087 | AG82: -0.71551036 | AH82: 0.1789158 | AI82: -0.69952659 | AJ82: 0.16817688 | AK82: -0.68048463 | AL82: -0.67072161 | AM82: 0.21286397 | AN82: 0.228394 | AO82: -0.65883702 | AP82: 0.18669644 | AQ82: -0.65069622 | AR82: -0.64793176 | AS82: -0.6489262 | AT82: -0.045101596 | AU82: 0.076564394 | AV82: -0.07383023 | AW82: 0.06123932 | AX82: -0.073118243 | AY82: -0.094198611 | AZ82: -0.11778565 | BA82: -0.12169867 | BB82: 0.060756464 | BC82: -0.091024668 | BD82: 0.042851322 | BE82: 0.066432665 | BF82: 0.020457671 | BG82: 0.0020760923 | BH82: 0.06824413 | BI82: -0.15957436 | BJ82: -0.01491251 | BK82: -0.14449239 | BL82: 0.0078377946 | BM82: -0.13592749 | BN82: -0.13667469 | BO82: -0.12590356 | BP82: -0.12729854 | BQ82: -0.090044439 | BR82: -0.0028921432 | BS82: -0.11277206 | BT82: -0.10451386 | BU82: 0.040380003 | BV82: -0.08550688 | BW82: 0.018192349 | BX82: -0.11367939 | BY82: -0.01538402 | BZ82: -0.09908376 | CA82: -0.093626079 | CB82: 0.030071975 | CC82: -0.10574742 | CD82: 0.014647977 | CE82: -0.11874092 | CF82: -0.13165474 | CG82: -0.10237259 | CH82: -0.14528322 | CI82: -0.12763408 | CJ82: -0.084278678 | CK82: 0.13154441 | CL82: -0.097267963 | CM82: -0.10636439 | CN82: 0.074787693 | CO82: 0.12954565 | CP82: 0.13223565 | CQ82: -0.28 | CR82: -0.25 | CS82: -0.26 | CT82: -0.26 | CU82: -0.26 | CV82: -0.24 | CW82: -0.24 | CX82: -0.19 | CY82: -0.18 | CZ82: -0.18 | DA82: -0.17 | DB82: -0.17 | DC82: -0.17 | DD82: -0.16 | DE82: -0.16 | DF82: -0.15 | DG82: -0.15 | DH82: -0.15 | DI82: -0.14 | DJ82: -0.14 | DK82: -0.14 | DL82: -0.14 | DM82: -0.14 | DN82: -0.14 | DO82: -0.13 | DP82: -0.23 | DQ82: -0.2 | DR82: -0.19 | DS82: -0.19 | DT82: -0.18 | DU82: -0.18 | DV82: -0.18 | DW82: -0.18 | DX82: -0.16 | DY82: -0.16 | DZ82: -0.15 | EA82: -0.15 | EB82: -0.15289 | EC82: -0.15173 | ED82: -0.14994 | EE82: -0.14211 | EF82: -0.13895
A83: 33419 | B83: NaN | C83: NaN | D83: NaN | E83: NaN | F83: NaN | G83: NaN | H83: NaN | I83: NaN | J83: NaN | K83: NaN | L83: NaN | M83: NaN | N83: NaN | O83: -1.1210779 | P83: -0.96085553 | Q83: -0.92929615 | R83: -0.8828908 | S83: -0.84879742 | T83: -0.74829732 | U83: -0.54887844 | V83: -0.47337015 | W83: -0.82951148 | X83: -0.25024497 | Y83: -0.79029887 | Z83: -0.19760771 | AA83: -0.29170136 | AB83: -0.74447576 | AC83: -0.73682901 | AD83: -0.086623275 | AE83: -0.08095071 | AF83: -0.12722458 | AG83: -0.69742254 | AH83: -0.034938849 | AI83: -0.67994027 | AJ83: -0.067888036 | AK83: -0.66187178 | AL83: -0.65063484 | AM83: -0.016067613 | AN83: -0.00055554567 | AO83: -0.63723337 | AP83: -0.025736526 | AQ83: -0.62766428 | AR83: -0.62485644 | AS83: -0.62628878 | AT83: -0.13094981 | AU83: -0.13995537 | AV83: -0.15417119 | AW83: -0.087139347 | AX83: -0.14002229 | AY83: -0.081435805 | AZ83: -0.092370228 | BA83: -0.11798496 | BB83: -0.085434761 | BC83: -0.11604519 | BD83: -0.13226308 | BE83: -0.18737434 | BF83: -0.13357048 | BG83: -0.14196235 | BH83: -0.25210862 | BI83: -0.083935759 | BJ83: -0.13812954 | BK83: -0.056277122 | BL83: -0.10857538 | BM83: -0.068922422 | BN83: -0.066869764 | BO83: -0.13254043 | BP83: -0.17200006 | BQ83: -0.15471858 | BR83: -0.085735131 | BS83: -0.18721701 | BT83: -0.13956721 | BU83: -0.075282217 | BV83: -0.11726749 | BW83: -0.079309421 | BX83: -0.14261573 | BY83: -0.095046243 | BZ83: -0.13288779 | CA83: -0.12749824 | CB83: -0.05953143 | CC83: -0.0096538421 | CD83: -0.065514415 | CE83: -0.14593635 | CF83: -0.17147682 | CG83: -0.20943737 | CH83: -0.30393656 | CI83: -0.30052299 | CJ83: -0.27705836 | CK83: -0.11969451 | CL83: -0.29569442 | CM83: -0.29110991 | CN83: -0.15307107 | CO83: -0.11910589 | CP83: -0.11474253 | CQ83: -0.3 | CR83: -0.28 | CS83: -0.3 | CT83: -0.3 | CU83: -0.3 | CV83: -0.28 | CW83: -0.27 | CX83: -0.3 | CY83: -0.29 | CZ83: -0.28 | DA83: -0.28 | DB83: -0.27 | DC83: -0.27 | DD83: -0.26 | DE83: -0.26 | DF83: -0.26 | DG83: -0.26 | DH83: -0.26 | DI83: -0.26 | DJ83: -0.27 | DK83: -0.25 | DL83: -0.24 | DM83: -0.24 | DN83: -0.24 | DO83: -0.24 | DP83: -0.36 | DQ83: -0.35 | DR83: -0.35 | DS83: -0.35 | DT83: -0.35 | DU83: -0.34 | DV83: -0.34 | DW83: -0.34 | DX83: -0.33 | DY83: -0.32 | DZ83: -0.32 | EA83: -0.32 | EB83: -0.28729 | EC83: -0.28623 | ED83: -0.28548 | EE83: -0.28467 | EF83: -0.2826
A84: 33511 | B84: NaN | C84: NaN | D84: NaN | E84: NaN | F84: NaN | G84: NaN | H84: NaN | I84: NaN | J84: NaN | K84: NaN | L84: NaN | M84: NaN | N84: NaN | O84: NaN | P84: -1.4464983 | Q84: -1.1792767 | R84: -1.1714775 | S84: -1.1380257 | T84: -0.90282127 | U84: -0.71384076 | V84: -0.63761862 | W84: -1.0706687 | X84: -0.51489301 | Y84: -1.028775 | Z84: -0.47669891 | AA84: -0.55337282 | AB84: -0.98037707 | AC84: -0.97364387 | AD84: -0.40749762 | AE84: -0.40979302 | AF84: -0.43382932 | AG84: -0.93681274 | AH84: -0.34967734 | AI84: -0.91914688 | AJ84: -0.382151 | AK84: -0.90102644 | AL84: -0.89217977 | AM84: -0.33149577 | AN84: -0.32029488 | AO84: -0.87961968 | AP84: -0.36197263 | AQ84: -0.87159636 | AR84: -0.86875222 | AS84: -0.87152428 | AT84: -0.42777445 | AU84: -0.40911902 | AV84: -0.42763398 | AW84: -0.37555739 | AX84: -0.43803958 | AY84: -0.47714137 | AZ84: -0.49452821 | BA84: -0.48618669 | BB84: -0.39284248 | BC84: -0.48097079 | BD84: -0.4022103 | BE84: -0.39318385 | BF84: -0.41145114 | BG84: -0.4275551 | BH84: -0.42043547 | BI84: -0.52651461 | BJ84: -0.43387166 | BK84: -0.51614188 | BL84: -0.43606948 | BM84: -0.50587718 | BN84: -0.50967921 | BO84: -0.49250714 | BP84: -0.48262408 | BQ84: -0.4619187 | BR84: -0.40964726 | BS84: -0.46554823 | BT84: -0.46328793 | BU84: -0.39836485 | BV84: -0.45768642 | BW84: -0.39707836 | BX84: -0.47059346 | BY84: -0.39145672 | BZ84: -0.46355111 | CA84: -0.45852229 | CB84: -0.40266614 | CC84: -0.52054648 | CD84: -0.42380029 | CE84: -0.550625 | CF84: -0.55284911 | CG84: -0.54486596 | CH84: -0.55274325 | CI84: -0.52715674 | CJ84: -0.495857 | CK84: -0.31798247 | CL84: -0.51032137 | CM84: -0.51638484 | CN84: -0.32948014 | CO84: -0.32016448 | CP84: -0.31694075 | CQ84: -0.65 | CR84: -0.65 | CS84: -0.66 | CT84: -0.66 | CU84: -0.65 | CV84: -0.63 | CW84: -0.62 | CX84: -0.55 | CY84: -0.54 | CZ84: -0.54 | DA84: -0.53 | DB84: -0.54 | DC84: -0.53 | DD84: -0.52 | DE84: -0.52 | DF84: -0.51 | DG84: -0.52 | DH84: -0.51 | DI84: -0.51 | DJ84: -0.51 | DK84: -0.51 | DL84: -0.51 | DM84: -0.5 | DN84: -0.5 | DO84: -0.5 | DP84: -0.54 | DQ84: -0.52 | DR84: -0.51 | DS84: -0.51 | DT84: -0.5 | DU84: -0.5 | DV84: -0.5 | DW84: -0.5 | DX84: -0.49 | DY84: -0.48 | DZ84: -0.48 | EA84: -0.48 | EB84: -0.54012 | EC84: -0.54114 | ED84: -0.54131 | EE84: -0.53403 | EF84: -0.53178
A85: 33603 | B85: NaN | C85: NaN | D85: NaN | E85: NaN | F85: NaN | G85: NaN | H85: NaN | I85: NaN | J85: NaN | K85: NaN | L85: NaN | M85: NaN | N85: NaN | O85: NaN | P85: NaN | Q85: -1.5732739 | R85: -1.3416834 | S85: -1.2802432 | T85: -0.92960201 | U85: -0.81722379 | V85: -0.73899507 | W85: -1.0054204 | X85: -0.70827165 | Y85: -0.97363512 | Z85: -0.63066637 | AA85: -0.61075421 | AB85: -0.93094897 | AC85: -0.92604207 | AD85: -0.59407015 | AE85: -0.58979518 | AF85: -0.54151292 | AG85: -0.87974698 | AH85: -0.5136645 | AI85: -0.86711955 | AJ85: -0.50299033 | AK85: -0.84748179 | AL85: -0.83323896 | AM85: -0.48761041 | AN85: -0.48231367 | AO85: -0.81617498 | AP85: -0.5083382 | AQ85: -0.80470741 | AR85: -0.79990059 | AS85: -0.80451206 | AT85: -0.59116333 | AU85: -0.49204552 | AV85: -0.57631657 | AW85: -0.52389517 | AX85: -0.60357157 | AY85: -0.69155039 | AZ85: -0.71415761 | BA85: -0.6911307 | BB85: -0.55499227 | BC85: -0.68300365 | BD85: -0.54109114 | BE85: -0.48675071 | BF85: -0.55738112 | BG85: -0.57303131 | BH85: -0.48135317 | BI85: -0.74841536 | BJ85: -0.58511263 | BK85: -0.74274572 | BL85: -0.59987268 | BM85: -0.72471017 | BN85: -0.7318776 | BO85: -0.6824471 | BP85: -0.65427868 | BQ85: -0.62670223 | BR85: -0.5794604 | BS85: -0.62410155 | BT85: -0.6399234 | BU85: -0.55327652 | BV85: -0.63938887 | BW85: -0.55616084 | BX85: -0.64700846 | BY85: -0.5470787 | BZ85: -0.63737541 | CA85: -0.63365351 | CB85: -0.57152445 | CC85: -0.77480341 | CD85: -0.60954753 | CE85: -0.75892219 | CF85: -0.73872891 | CG85: -0.70560053 | CH85: -0.67518822 | CI85: -0.63740471 | CJ85: -0.60140511 | CK85: -0.42021055 | CL85: -0.60914301 | CM85: -0.61782529 | CN85: -0.42280252 | CO85: -0.42019084 | CP85: -0.41777496 | CQ85: -0.61 | CR85: -0.61 | CS85: -0.62 | CT85: -0.62 | CU85: -0.62 | CV85: -0.6 | CW85: -0.6 | CX85: -0.59 | CY85: -0.58 | CZ85: -0.58 | DA85: -0.57 | DB85: -0.59 | DC85: -0.58 | DD85: -0.57 | DE85: -0.56 | DF85: -0.56 | DG85: -0.56 | DH85: -0.55 | DI85: -0.55 | DJ85: -0.55 | DK85: -0.55 | DL85: -0.55 | DM85: -0.55 | DN85: -0.54 | DO85: -0.54 | DP85: -0.57 | DQ85: -0.53 | DR85: -0.52 | DS85: -0.51 | DT85: -0.51 | DU85: -0.51 | DV85: -0.51 | DW85: -0.51 | DX85: -0.5 | DY85: -0.5 | DZ85: -0.5 | EA85: -0.51 | EB85: -0.61847 | EC85: -0.62029 | ED85: -0.62059 | EE85: -0.61128 | EF85: -0.60902
A86: 33694 | B86: NaN | C86: NaN | D86: NaN | E86: NaN | F86: NaN | G86: NaN | H86: NaN | I86: NaN | J86: NaN | K86: NaN | L86: NaN | M86: NaN | N86: NaN | O86: NaN | P86: NaN | Q86: NaN | R86: -1.299391 | S86: -1.1184008 | T86: -1.2073042 | U86: -1.1173781 | V86: -1.0393156 | W86: -1.1566561 | X86: -0.88412556 | Y86: -1.113403 | Z86: -0.78066429 | AA86: -0.76326235 | AB86: -1.075838 | AC86: -1.0691467 | AD86: -0.71523312 | AE86: -0.7068201 | AF86: -0.67521144 | AG86: -1.0316498 | AH86: -0.66899934 | AI86: -1.0138912 | AJ86: -0.65062215 | AK86: -0.99715223 | AL86: -0.98865931 | AM86: -0.66341546 | AN86: -0.65891376 | AO86: -0.97849014 | AP86: -0.66637404 | AQ86: -0.97015108 | AR86: -0.9693037 | AS86: -0.97223075 | AT86: -0.55659938 | AU86: -0.61906104 | AV86: -0.53715346 | AW86: -0.53130637 | AX86: -0.54473975 | AY86: -0.55738884 | AZ86: -0.57133072 | BA86: -0.57425215 | BB86: -0.56454564 | BC86: -0.57832976 | BD86: -0.60089521 | BE86: -0.63615047 | BF86: -0.58366486 | BG86: -0.59671024 | BH86: -0.68237991 | BI86: -0.565932 | BJ86: -0.59280494 | BK86: -0.54625835 | BL86: -0.59617945 | BM86: -0.54948401 | BN86: -0.55469472 | BO86: -0.58216704 | BP86: -0.58870818 | BQ86: -0.57833365 | BR86: -0.53265635 | BS86: -0.58077301 | BT86: -0.56114715 | BU86: -0.55119011 | BV86: -0.55243384 | BW86: -0.52747662 | BX86: -0.56490037 | BY86: -0.49911556 | BZ86: -0.55564439 | CA86: -0.54969433 | CB86: -0.52744407 | CC86: -0.55829378 | CD86: -0.54856291 | CE86: -0.67074992 | CF86: -0.66969005 | CG86: -0.66852761 | CH86: -0.66251325 | CI86: -0.63419684 | CJ86: -0.61292287 | CK86: -0.47982634 | CL86: -0.61907253 | CM86: -0.62319931 | CN86: -0.47899837 | CO86: -0.48373121 | CP86: -0.48170323 | CQ86: -0.7 | CR86: -0.71 | CS86: -0.71 | CT86: -0.71 | CU86: -0.71 | CV86: -0.69 | CW86: -0.68 | CX86: -0.66 | CY86: -0.65 | CZ86: -0.65 | DA86: -0.64 | DB86: -0.65 | DC86: -0.64 | DD86: -0.63 | DE86: -0.63 | DF86: -0.63 | DG86: -0.62 | DH86: -0.62 | DI86: -0.62 | DJ86: -0.62 | DK86: -0.62 | DL86: -0.62 | DM86: -0.61 | DN86: -0.61 | DO86: -0.6 | DP86: -0.65 | DQ86: -0.63 | DR86: -0.63 | DS86: -0.62 | DT86: -0.62 | DU86: -0.61 | DV86: -0.61 | DW86: -0.61 | DX86: -0.59 | DY86: -0.58 | DZ86: -0.59 | EA86: -0.6 | EB86: -0.66823 | EC86: -0.66935 | ED86: -0.66939 | EE86: -0.66442 | EF86: -0.66275
A87: 33785 | B87: NaN | C87: NaN | D87: NaN | E87: NaN | F87: NaN | G87: NaN | H87: NaN | I87: NaN | J87: NaN | K87: NaN | L87: NaN | M87: NaN | N87: NaN | O87: NaN | P87: NaN | Q87: NaN | R87: NaN | S87: -1.5737421 | T87: -1.5734838 | U87: -1.4090648 | V87: -1.3267279 | W87: -1.2408698 | X87: -1.131232 | Y87: -1.1998508 | Z87: -1.0110308 | AA87: -0.93902693 | AB87: -1.1599613 | AC87: -1.1550203 | AD87: -0.94533952 | AE87: -0.92823301 | AF87: -0.88728218 | AG87: -1.1118727 | AH87: -0.8882168 | AI87: -1.094959 | AJ87: -0.86822296 | AK87: -1.0776503 | AL87: -1.0672697 | AM87: -0.88493157 | AN87: -0.88311753 | AO87: -1.0541694 | AP87: -0.89183326 | AQ87: -1.0450923 | AR87: -1.0433269 | AS87: -1.0496295 | AT87: -0.82862331 | AU87: -0.85629255 | AV87: -0.79010932 | AW87: -0.76542627 | AX87: -0.80254438 | AY87: -0.82484476 | AZ87: -0.83742387 | BA87: -0.82691219 | BB87: -0.79378492 | BC87: -0.83280335 | BD87: -0.82264743 | BE87: -0.85726637 | BF87: -0.7985988 | BG87: -0.81615633 | BH87: -0.91972083 | BI87: -0.83652047 | BJ87: -0.81116861 | BK87: -0.8220121 | BL87: -0.82938059 | BM87: -0.8221624 | BN87: -0.828963 | BO87: -0.8311222 | BP87: -0.82908754 | BQ87: -0.8208837 | BR87: -0.76673488 | BS87: -0.81501039 | BT87: -0.8023221 | BU87: -0.78790499 | BV87: -0.79812648 | BW87: -0.75188521 | BX87: -0.80825304 | BY87: -0.709747 | BZ87: -0.79623268 | CA87: -0.78948375 | CB87: -0.75744687 | CC87: -0.85364326 | CD87: -0.78191388 | CE87: -0.92476002 | CF87: -0.91584113 | CG87: -0.89324419 | CH87: -0.85358695 | CI87: -0.82182231 | CJ87: -0.7935 | CK87: -0.62526708 | CL87: -0.80208961 | CM87: -0.8159678 | CN87: -0.61055597 | CO87: -0.63435738 | CP87: -0.63055716 | CQ87: -0.94 | CR87: -0.95 | CS87: -0.95 | CT87: -0.95 | CU87: -0.94 | CV87: -0.93 | CW87: -0.92 | CX87: -0.86 | CY87: -0.85 | CZ87: -0.85 | DA87: -0.84 | DB87: -0.86 | DC87: -0.85 | DD87: -0.85 | DE87: -0.84 | DF87: -0.83 | DG87: -0.83 | DH87: -0.83 | DI87: -0.82 | DJ87: -0.82 | DK87: -0.82 | DL87: -0.83 | DM87: -0.82 | DN87: -0.82 | DO87: -0.81 | DP87: -0.84 | DQ87: -0.79 | DR87: -0.78 | DS87: -0.77 | DT87: -0.76 | DU87: -0.76 | DV87: -0.76 | DW87: -0.75 | DX87: -0.72 | DY87: -0.72 | DZ87: -0.72 | EA87: -0.73 | EB87: -0.87084 | EC87: -0.87198 | ED87: -0.87193 | EE87: -0.86485 | EF87: -0.86322
A88: 33877 | B88: NaN | C88: NaN | D88: NaN | E88: NaN | F88: NaN | G88: NaN | H88: NaN | I88: NaN | J88: NaN | K88: NaN | L88: NaN | M88: NaN | N88: NaN | O88: NaN | P88: NaN | Q88: NaN | R88: NaN | S88: NaN | T88: -1.5843479 | U88: -1.3744321 | V88: -1.2952558 | W88: -1.1573709 | X88: -1.0804542 | Y88: -1.1126326 | Z88: -0.95664388 | AA88: -0.91344954 | AB88: -1.0742758 | AC88: -1.0662774 | AD88: -0.87777122 | AE88: -0.86077938 | AF88: -0.8401431 | AG88: -1.0205318 | AH88: -0.79658805 | AI88: -1.0026243 | AJ88: -0.81947396 | AK88: -0.98381727 | AL88: -0.97495596 | AM88: -0.77867589 | AN88: -0.77223303 | AO88: -0.95914518 | AP88: -0.79707521 | AQ88: -0.94932926 | AR88: -0.94673622 | AS88: -0.95115466 | AT88: -0.80728754 | AU88: -0.81048041 | AV88: -0.78798275 | AW88: -0.75330901 | AX88: -0.80318902 | AY88: -0.81600871 | AZ88: -0.82763518 | BA88: -0.81406697 | BB88: -0.77348902 | BC88: -0.82168332 | BD88: -0.783026 | BE88: -0.79615289 | BF88: -0.77430535 | BG88: -0.79065468 | BH88: -0.84159109 | BI88: -0.83112502 | BJ88: -0.78627618 | BK88: -0.81873629 | BL88: -0.80915836 | BM88: -0.81823085 | BN88: -0.82484827 | BO88: -0.82747004 | BP88: -0.82134927 | BQ88: -0.81620196 | BR88: -0.76689484 | BS88: -0.80617625 | BT88: -0.79208309 | BU88: -0.77345162 | BV88: -0.79245768 | BW88: -0.74514096 | BX88: -0.80044515 | BY88: -0.71311689 | BZ88: -0.79080997 | CA88: -0.78580723 | CB88: -0.7526877 | CC88: -0.84510815 | CD88: -0.75978184 | CE88: -0.86402519 | CF88: -0.85185908 | CG88: -0.82076801 | CH88: -0.76456042 | CI88: -0.7320438 | CJ88: -0.71521867 | CK88: -0.60805521 | CL88: -0.71426806 | CM88: -0.72503973 | CN88: -0.59455364 | CO88: -0.61324944 | CP88: -0.61151756 | CQ88: -0.77 | CR88: -0.79 | CS88: -0.78 | CT88: -0.78 | CU88: -0.78 | CV88: -0.77 | CW88: -0.76 | CX88: -0.7 | CY88: -0.69 | CZ88: -0.69 | DA88: -0.68 | DB88: -0.71 | DC88: -0.7 | DD88: -0.69 | DE88: -0.68 | DF88: -0.68 | DG88: -0.68 | DH88: -0.67 | DI88: -0.66 | DJ88: -0.66 | DK88: -0.67 | DL88: -0.67 | DM88: -0.67 | DN88: -0.66 | DO88: -0.65 | DP88: -0.66 | DQ88: -0.62 | DR88: -0.61 | DS88: -0.6 | DT88: -0.59 | DU88: -0.59 | DV88: -0.59 | DW88: -0.58 | DX88: -0.57 | DY88: -0.57 | DZ88: -0.57 | EA88: -0.58 | EB88: -0.76982 | EC88: -0.7709 | ED88: -0.77051 | EE88: -0.76404 | EF88: -0.76228
A89: 33969 | B89: NaN | C89: NaN | D89: NaN | E89: NaN | F89: NaN | G89: NaN | H89: NaN | I89: NaN | J89: NaN | K89: NaN | L89: NaN | M89: NaN | N89: NaN | O89: NaN | P89: NaN | Q89: NaN | R89: NaN | S89: NaN | T89: NaN | U89: -1.5313765 | V89: -1.3573198 | W89: -1.2098642 | X89: -1.2573511 | Y89: -1.1693817 | Z89: -1.1005498 | AA89: -0.97421021 | AB89: -1.1278074 | AC89: -1.1225371 | AD89: -1.0144183 | AE89: -0.9919978 | AF89: -0.92175372 | AG89: -1.0802308 | AH89: -0.98764995 | AI89: -1.0629179 | AJ89: -0.91189486 | AK89: -1.0459082 | AL89: -1.0356517 | AM89: -0.98883035 | AN89: -0.9913306 | AO89: -1.0231698 | AP89: -0.97676755 | AQ89: -1.0139949 | AR89: -1.0129523 | AS89: -1.0185445 | AT89: -0.77236395 | AU89: -0.85133587 | AV89: -0.74801482 | AW89: -0.75440117 | AX89: -0.75962833 | AY89: -0.75998815 | AZ89: -0.76742792 | BA89: -0.76568962 | BB89: -0.80226931 | BC89: -0.79119583 | BD89: -0.83577485 | BE89: -0.86736754 | BF89: -0.81207998 | BG89: -0.82999572 | BH89: -0.93299785 | BI89: -0.76193586 | BJ89: -0.81560431 | BK89: -0.74932858 | BL89: -0.83320106 | BM89: -0.7515152 | BN89: -0.75444579 | BO89: -0.77891182 | BP89: -0.78638187 | BQ89: -0.78907854 | BR89: -0.76183766 | BS89: -0.78092746 | BT89: -0.76076666 | BU89: -0.79993383 | BV89: -0.76114481 | BW89: -0.76056025 | BX89: -0.76205974 | BY89: -0.70581566 | BZ89: -0.75471973 | CA89: -0.74858229 | CB89: -0.76448569 | CC89: -0.76915429 | CD89: -0.76720223 | CE89: -0.86005621 | CF89: -0.84528739 | CG89: -0.86540951 | CH89: -0.84035527 | CI89: -0.81530849 | CJ89: -0.79689411 | CK89: -0.67926823 | CL89: -0.80171456 | CM89: -0.81205782 | CN89: -0.65595825 | CO89: -0.68223858 | CP89: -0.68055258 | CQ89: -0.88 | CR89: -0.88 | CS89: -0.89 | CT89: -0.89 | CU89: -0.89 | CV89: -0.88 | CW89: -0.87 | CX89: -0.82 | CY89: -0.81 | CZ89: -0.81 | DA89: -0.8 | DB89: -0.8 | DC89: -0.79 | DD89: -0.79 | DE89: -0.78 | DF89: -0.78 | DG89: -0.78 | DH89: -0.77 | DI89: -0.77 | DJ89: -0.77 | DK89: -0.77 | DL89: -0.77 | DM89: -0.76 | DN89: -0.76 | DO89: -0.75 | DP89: -0.8 | DQ89: -0.76 | DR89: -0.75 | DS89: -0.74 | DT89: -0.73 | DU89: -0.73 | DV89: -0.72 | DW89: -0.72 | DX89: -0.7 | DY89: -0.7 | DZ89: -0.69 | EA89: -0.7 | EB89: -0.84513 | EC89: -0.84548 | ED89: -0.84443 | EE89: -0.83675 | EF89: -0.83527
A90: 34059 | B90: NaN | C90: NaN | D90: NaN | E90: NaN | F90: NaN | G90: NaN | H90: NaN | I90: NaN | J90: NaN | K90: NaN | L90: NaN | M90: NaN | N90: NaN | O90: NaN | P90: NaN | Q90: NaN | R90: NaN | S90: NaN | T90: NaN | U90: NaN | V90: -1.4990307 | W90: -1.2472434 | X90: -1.1959999 | Y90: -1.2067344 | Z90: -1.0632249 | AA90: -0.97506061 | AB90: -1.1681057 | AC90: -1.1618298 | AD90: -0.98100011 | AE90: -0.96126003 | AF90: -0.92256599 | AG90: -1.1217834 | AH90: -0.93342205 | AI90: -1.1038178 | AJ90: -0.92072289 | AK90: -1.0872595 | AL90: -1.0779473 | AM90: -0.93134741 | AN90: -0.93386435 | AO90: -1.066316 | AP90: -0.941986 | AQ90: -1.0572247 | AR90: -1.0561254 | AS90: -1.061043 | AT90: -0.84792254 | AU90: -0.8818017 | AV90: -0.81734221 | AW90: -0.79375115 | AX90: -0.83104343 | AY90: -0.84180513 | AZ90: -0.85528591 | BA90: -0.84686488 | BB90: -0.83178659 | BC90: -0.8563586 | BD90: -0.86061956 | BE90: -0.8849121 | BF90: -0.83649902 | BG90: -0.8572358 | BH90: -0.9408652 | BI90: -0.85063651 | BJ90: -0.8505851 | BK90: -0.83532592 | BL90: -0.87018578 | BM90: -0.83946288 | BN90: -0.84465601 | BO90: -0.85760953 | BP90: -0.86112976 | BQ90: -0.85911461 | BR90: -0.80409741 | BS90: -0.85108427 | BT90: -0.83167058 | BU90: -0.8342186 | BV90: -0.82853835 | BW90: -0.79572531 | BX90: -0.8419433 | BY90: -0.74609139 | BZ90: -0.82854783 | CA90: -0.82196199 | CB90: -0.80105682 | CC90: -0.86486047 | CD90: -0.8107831 | CE90: -0.94827827 | CF90: -0.93520565 | CG90: -0.90551411 | CH90: -0.86750571 | CI90: -0.83305954 | CJ90: -0.80589269 | CK90: -0.65655325 | CL90: -0.81174206 | CM90: -0.82353715 | CN90: -0.63837782 | CO90: -0.66243665 | CP90: -0.66078246 | CQ90: -0.89 | CR90: -0.88 | CS90: -0.88 | CT90: -0.89 | CU90: -0.88 | CV90: -0.87 | CW90: -0.86 | CX90: -0.86 | CY90: -0.85 | CZ90: -0.85 | DA90: -0.84 | DB90: -0.85 | DC90: -0.84 | DD90: -0.83 | DE90: -0.83 | DF90: -0.82 | DG90: -0.82 | DH90: -0.82 | DI90: -0.82 | DJ90: -0.82 | DK90: -0.82 | DL90: -0.82 | DM90: -0.81 | DN90: -0.81 | DO90: -0.8 | DP90: -0.84 | DQ90: -0.79 | DR90: -0.78 | DS90: -0.77 | DT90: -0.76 | DU90: -0.76 | DV90: -0.75 | DW90: -0.75 | DX90: -0.73 | DY90: -0.73 | DZ90: -0.73 | EA90: -0.74 | EB90: -0.93812 | EC90: -0.93893 | ED90: -0.93846 | EE90: -0.9305 | EF90: -0.92895
A91: 34150 | B91: NaN | C91: NaN | D91: NaN | E91: NaN | F91: NaN | G91: NaN | H91: NaN | I91: NaN | J91: NaN | K91: NaN | L91: NaN | M91: NaN | N91: NaN | O91: NaN | P91: NaN | Q91: NaN | R91: NaN | S91: NaN | T91: NaN | U91: NaN | V91: NaN | W91: -1.2811336 | X91: -1.3668787 | Y91: -1.2561592 | Z91: -1.2087837 | AA91: -1.0849034 | AB91: -1.2124722 | AC91: -1.2067365 | AD91: -1.0920779 | AE91: -1.0706497 | AF91: -1.0244645 | AG91: -1.1656809 | AH91: -1.052861 | AI91: -1.1485467 | AJ91: -1.0236321 | AK91: -1.1330246 | AL91: -1.1234852 | AM91: -1.0566979 | AN91: -1.0604137 | AO91: -1.111923 | AP91: -1.0588465 | AQ91: -1.1039875 | AR91: -1.1028956 | AS91: -1.1097288 | AT91: -0.90936524 | AU91: -0.9823158 | AV91: -0.869771 | AW91: -0.86970438 | AX91: -0.88557931 | AY91: -0.89771529 | AZ91: -0.90857924 | BA91: -0.90095427 | BB91: -0.91528426 | BC91: -0.91934629 | BD91: -0.94635352 | BE91: -0.99112997 | BF91: -0.92289923 | BG91: -0.94048633 | BH91: -1.0667756 | BI91: -0.90002833 | BJ91: -0.92426228 | BK91: -0.88499269 | BL91: -0.94601229 | BM91: -0.88958714 | BN91: -0.89502026 | BO91: -0.91044478 | BP91: -0.91351913 | BQ91: -0.91615054 | BR91: -0.87398043 | BS91: -0.90586071 | BT91: -0.88681637 | BU91: -0.91046498 | BV91: -0.88761982 | BW91: -0.86715799 | BX91: -0.89304047 | BY91: -0.80919779 | BZ91: -0.88168231 | CA91: -0.87588841 | CB91: -0.87651135 | CC91: -0.92096332 | CD91: -0.8873167 | CE91: -1.0095325 | CF91: -0.9959734 | CG91: -0.98742311 | CH91: -0.95148642 | CI91: -0.92250868 | CJ91: -0.89956416 | CK91: -0.76363751 | CL91: -0.90917286 | CM91: -0.92277828 | CN91: -0.73299067 | CO91: -0.7715627 | CP91: -0.76908177 | CQ91: -1.04 | CR91: -1.05 | CS91: -1.05 | CT91: -1.05 | CU91: -1.05 | CV91: -1.04 | CW91: -1.03 | CX91: -1 | CY91: -0.99 | CZ91: -0.99 | DA91: -0.98 | DB91: -0.99 | DC91: -0.98 | DD91: -0.98 | DE91: -0.97 | DF91: -0.96 | DG91: -0.96 | DH91: -0.96 | DI91: -0.95 | DJ91: -0.95 | DK91: -0.96 | DL91: -0.96 | DM91: -0.95 | DN91: -0.95 | DO91: -0.94 | DP91: -0.95 | DQ91: -0.91 | DR91: -0.89 | DS91: -0.88 | DT91: -0.87 | DU91: -0.87 | DV91: -0.87 | DW91: -0.86 | DX91: -0.84 | DY91: -0.84 | DZ91: -0.84 | EA91: -0.85 | EB91: -0.99205 | EC91: -0.99238 | ED91: -0.99171 | EE91: -0.98422 | EF91: -0.9832
A92: 34242 | B92: NaN | C92: NaN | D92: NaN | E92: NaN | F92: NaN | G92: NaN | H92: NaN | I92: NaN | J92: NaN | K92: NaN | L92: NaN | M92: NaN | N92: NaN | O92: NaN | P92: NaN | Q92: NaN | R92: NaN | S92: NaN | T92: NaN | U92: NaN | V92: NaN | W92: NaN | X92: -1.1171498 | Y92: -1.2479504 | Z92: -1.2359124 | AA92: -1.193954 | AB92: -1.2000193 | AC92: -1.1926833 | AD92: -1.0758429 | AE92: -1.0586031 | AF92: -1.0946126 | AG92: -1.1527449 | AH92: -1.027199 | AI92: -1.1345354 | AJ92: -1.0892868 | AK92: -1.1179093 | AL92: -1.1104825 | AM92: -1.0263045 | AN92: -1.0291425 | AO92: -1.0983297 | AP92: -1.0605265 | AQ92: -1.0915102 | AR92: -1.0901928 | AS92: -1.0955163 | AT92: -0.97572318 | AU92: -1.0671192 | AV92: -0.9361361 | AW92: -0.96409534 | AX92: -0.95578009 | AY92: -0.98281134 | AZ92: -0.99067934 | BA92: -0.97226994 | BB92: -0.98980878 | BC92: -0.99254218 | BD92: -1.0013645 | BE92: -1.0341827 | BF92: -0.98729683 | BG92: -1.0008907 | BH92: -1.1106994 | BI92: -0.99880583 | BJ92: -0.99050845 | BK92: -0.99247647 | BL92: -1.021099 | BM92: -0.98962127 | BN92: -0.99573522 | BO92: -0.99025553 | BP92: -0.97628731 | BQ92: -0.98274439 | BR92: -0.95902313 | BS92: -0.95943281 | BT92: -0.95575829 | BU92: -0.98378137 | BV92: -0.96081011 | BW92: -0.94675043 | BX92: -0.96103082 | BY92: -0.8927149 | BZ92: -0.95266475 | CA92: -0.94905794 | CB92: -0.96278807 | CC92: -1.032396 | CD92: -0.97134957 | CE92: -1.0704733 | CF92: -1.0595914 | CG92: -1.0415422 | CH92: -0.99087112 | CI92: -0.97116753 | CJ92: -0.96320969 | CK92: -0.88809188 | CL92: -0.96903473 | CM92: -0.9842437 | CN92: -0.84779311 | CO92: -0.89602672 | CP92: -0.89487121 | CQ92: -1.08 | CR92: -1.09 | CS92: -1.09 | CT92: -1.08 | CU92: -1.08 | CV92: -1.07 | CW92: -1.07 | CX92: -0.99 | CY92: -0.98 | CZ92: -0.98 | DA92: -0.97 | DB92: -0.99 | DC92: -0.98 | DD92: -0.97 | DE92: -0.97 | DF92: -0.96 | DG92: -0.96 | DH92: -0.95 | DI92: -0.95 | DJ92: -0.95 | DK92: -0.95 | DL92: -0.96 | DM92: -0.95 | DN92: -0.95 | DO92: -0.94 | DP92: -0.95 | DQ92: -0.9 | DR92: -0.88 | DS92: -0.87 | DT92: -0.87 | DU92: -0.86 | DV92: -0.86 | DW92: -0.86 | DX92: -0.85 | DY92: -0.84 | DZ92: -0.84 | EA92: -0.85 | EB92: -1.03493 | EC92: -1.03569 | ED92: -1.03518 | EE92: -1.02573 | EF92: -1.02465
A93: 34334 | B93: NaN | C93: NaN | D93: NaN | E93: NaN | F93: NaN | G93: NaN | H93: NaN | I93: NaN | J93: NaN | K93: NaN | L93: NaN | M93: NaN | N93: NaN | O93: NaN | P93: NaN | Q93: NaN | R93: NaN | S93: NaN | T93: NaN | U93: NaN | V93: NaN | W93: NaN | X93: NaN | Y93: -1.2464884 | Z93: -1.3888435 | AA93: -1.2240952 | AB93: -1.1819587 | AC93: -1.1761962 | AD93: -1.3005546 | AE93: -1.269235 | AF93: -1.1711419 | AG93: -1.1287347 | AH93: -1.2086628 | AI93: -1.1127977 | AJ93: -1.1742136 | AK93: -1.0964197 | AL93: -1.0865723 | AM93: -1.2093995 | AN93: -1.2184274 | AO93: -1.0714331 | AP93: -1.2107225 | AQ93: -1.0628664 | AR93: -1.0596692 | AS93: -1.0666204 | AT93: -1.017563 | AU93: -1.0939158 | AV93: -0.97097315 | AW93: -1.0095631 | AX93: -0.99207329 | AY93: -1.010017 | AZ93: -1.0133246 | BA93: -0.99899668 | BB93: -1.0480461 | BC93: -1.0273429 | BD93: -1.0651215 | BE93: -1.085113 | BF93: -1.0409288 | BG93: -1.0536051 | BH93: -1.1309898 | BI93: -1.0071155 | BJ93: -1.0386419 | BK93: -0.99890428 | BL93: -1.07166 | BM93: -1.0015825 | BN93: -1.007294 | BO93: -1.013604 | BP93: -1.0089023 | BQ93: -1.0206367 | BR93: -1.0036792 | BS93: -0.99697275 | BT93: -0.98612316 | BU93: -1.0312418 | BV93: -0.99038904 | BW93: -0.98760757 | BX93: -0.98791603 | BY93: -0.929414 | BZ93: -0.97862779 | CA93: -0.97524997 | CB93: -0.9976853 | CC93: -1.0372274 | CD93: -1.006958 | CE93: -1.0975413 | CF93: -1.0870947 | CG93: -1.0839309 | CH93: -1.0300653 | CI93: -1.016776 | CJ93: -1.013104 | CK93: -0.94743635 | CL93: -1.0202962 | CM93: -1.0393276 | CN93: -0.90381939 | CO93: -0.95897196 | CP93: -0.95617686 | CQ93: -1.05 | CR93: -1.05 | CS93: -1.06 | CT93: -1.06 | CU93: -1.05 | CV93: -1.04 | CW93: -1.03 | CX93: -1 | CY93: -0.99 | CZ93: -0.99 | DA93: -0.98 | DB93: -0.99 | DC93: -0.99 | DD93: -0.98 | DE93: -0.97 | DF93: -0.97 | DG93: -0.96 | DH93: -0.95 | DI93: -0.95 | DJ93: -0.94 | DK93: -0.95 | DL93: -0.96 | DM93: -0.95 | DN93: -0.95 | DO93: -0.94 | DP93: -0.94 | DQ93: -0.91 | DR93: -0.9 | DS93: -0.89 | DT93: -0.88 | DU93: -0.87 | DV93: -0.87 | DW93: -0.87 | DX93: -0.85 | DY93: -0.85 | DZ93: -0.84 | EA93: -0.85 | EB93: -0.99324 | EC93: -0.99453 | ED93: -0.99396 | EE93: -0.98536 | EF93: -0.98439
A94: 34424 | B94: NaN | C94: NaN | D94: NaN | E94: NaN | F94: NaN | G94: NaN | H94: NaN | I94: NaN | J94: NaN | K94: NaN | L94: NaN | M94: NaN | N94: NaN | O94: NaN | P94: NaN | Q94: NaN | R94: NaN | S94: NaN | T94: NaN | U94: NaN | V94: NaN | W94: NaN | X94: NaN | Y94: NaN | Z94: -1.1122594 | AA94: -1.0622106 | AB94: -1.0600658 | AC94: -1.0539417 | AD94: -1.0564094 | AE94: -1.0256444 | AF94: -0.98545176 | AG94: -1.0118786 | AH94: -1.0290978 | AI94: -0.99250681 | AJ94: -0.99450659 | AK94: -0.97805691 | AL94: -0.96965756 | AM94: -1.0389386 | AN94: -1.047569 | AO94: -0.95730067 | AP94: -1.020799 | AQ94: -0.94691401 | AR94: -0.94600451 | AS94: -0.94918342 | AT94: -0.75172392 | AU94: -0.93239138 | AV94: -0.70424535 | AW94: -0.79833487 | AX94: -0.71747108 | AY94: -0.73170527 | AZ94: -0.74178357 | BA94: -0.74952245 | BB94: -0.86345554 | BC94: -0.787738 | BD94: -0.91475289 | BE94: -1.000303 | BF94: -0.87952386 | BG94: -0.89156952 | BH94: -1.0930546 | BI94: -0.7520016 | BJ94: -0.87473286 | BK94: -0.74514726 | BL94: -0.89284881 | BM94: -0.75185108 | BN94: -0.75213327 | BO94: -0.77271645 | BP94: -0.77501877 | BQ94: -0.79240664 | BR94: -0.80200611 | BS94: -0.76668166 | BT94: -0.75698698 | BU94: -0.8495658 | BV94: -0.75810937 | BW94: -0.8011662 | BX94: -0.74465372 | BY94: -0.7357612 | BZ94: -0.73732866 | CA94: -0.73401638 | CB94: -0.80062492 | CC94: -0.75874217 | CD94: -0.82206935 | CE94: -0.88999581 | CF94: -0.89570309 | CG94: -0.94066896 | CH94: -0.93989193 | CI94: -0.92312247 | CJ94: -0.90400933 | CK94: -0.84293539 | CL94: -0.89681122 | CM94: -0.89798074 | CN94: -0.79435706 | CO94: -0.8400849 | CP94: -0.83521332 | CQ94: -0.86 | CR94: -0.87 | CS94: -0.86 | CT94: -0.86 | CU94: -0.86 | CV94: -0.84 | CW94: -0.84 | CX94: -0.81 | CY94: -0.81 | CZ94: -0.8 | DA94: -0.79 | DB94: -0.79 | DC94: -0.79 | DD94: -0.78 | DE94: -0.77 | DF94: -0.77 | DG94: -0.76 | DH94: -0.76 | DI94: -0.75 | DJ94: -0.75 | DK94: -0.75 | DL94: -0.75 | DM94: -0.75 | DN94: -0.74 | DO94: -0.74 | DP94: -0.74 | DQ94: -0.74 | DR94: -0.73 | DS94: -0.73 | DT94: -0.73 | DU94: -0.72 | DV94: -0.72 | DW94: -0.71 | DX94: -0.71 | DY94: -0.71 | DZ94: -0.71 | EA94: -0.72 | EB94: -0.82253 | EC94: -0.82404 | ED94: -0.8236 | EE94: -0.82195 | EF94: -0.82064
A95: 34515 | B95: NaN | C95: NaN | D95: NaN | E95: NaN | F95: NaN | G95: NaN | H95: NaN | I95: NaN | J95: NaN | K95: NaN | L95: NaN | M95: NaN | N95: NaN | O95: NaN | P95: NaN | Q95: NaN | R95: NaN | S95: NaN | T95: NaN | U95: NaN | V95: NaN | W95: NaN | X95: NaN | Y95: NaN | Z95: NaN | AA95: -1.0210295 | AB95: -0.92272802 | AC95: -0.92385624 | AD95: -1.0029242 | AE95: -0.97746044 | AF95: -0.95808736 | AG95: -0.885082 | AH95: -0.96965851 | AI95: -0.86544137 | AJ95: -0.95685757 | AK95: -0.85225885 | AL95: -0.8440567 | AM95: -0.97967271 | AN95: -0.98826429 | AO95: -0.83235339 | AP95: -0.97610348 | AQ95: -0.82416523 | AR95: -0.82387304 | AS95: -0.8261401 | AT95: -0.79687798 | AU95: -0.91542025 | AV95: -0.76554603 | AW95: -0.81671427 | AX95: -0.77565438 | AY95: -0.76999889 | AZ95: -0.77767904 | BA95: -0.78398868 | BB95: -0.87857793 | BC95: -0.82300332 | BD95: -0.9230013 | BE95: -0.98650564 | BF95: -0.89376449 | BG95: -0.90628684 | BH95: -1.0562985 | BI95: -0.79538828 | BJ95: -0.89708091 | BK95: -0.79109553 | BL95: -0.91894102 | BM95: -0.79684203 | BN95: -0.79615346 | BO95: -0.81950814 | BP95: -0.82392382 | BQ95: -0.84255383 | BR95: -0.84002544 | BS95: -0.81583936 | BT95: -0.80056391 | BU95: -0.87947309 | BV95: -0.80335843 | BW95: -0.83335185 | BX95: -0.7917494 | BY95: -0.77346154 | BZ95: -0.78311656 | CA95: -0.77964678 | CB95: -0.83270559 | CC95: -0.79911213 | CD95: -0.83147318 | CE95: -0.87070737 | CF95: -0.86463755 | CG95: -0.86573708 | CH95: -0.82509579 | CI95: -0.81242178 | CJ95: -0.8131896 | CK95: -0.8092738 | CL95: -0.80531919 | CM95: -0.81108676 | CN95: -0.768116 | CO95: -0.81183838 | CP95: -0.80784789 | CQ95: -0.76 | CR95: -0.77 | CS95: -0.77 | CT95: -0.76 | CU95: -0.76 | CV95: -0.75 | CW95: -0.74 | CX95: -0.73 | CY95: -0.73 | CZ95: -0.72 | DA95: -0.72 | DB95: -0.72 | DC95: -0.72 | DD95: -0.71 | DE95: -0.71 | DF95: -0.7 | DG95: -0.7 | DH95: -0.69 | DI95: -0.69 | DJ95: -0.68 | DK95: -0.69 | DL95: -0.69 | DM95: -0.69 | DN95: -0.68 | DO95: -0.68 | DP95: -0.7 | DQ95: -0.7 | DR95: -0.7 | DS95: -0.7 | DT95: -0.69 | DU95: -0.69 | DV95: -0.69 | DW95: -0.68 | DX95: -0.67 | DY95: -0.67 | DZ95: -0.67 | EA95: -0.67 | EB95: -0.75711 | EC95: -0.75836 | ED95: -0.75792 | EE95: -0.75602 | EF95: -0.75474
A96: 34607 | B96: NaN | C96: NaN | D96: NaN | E96: NaN | F96: NaN | G96: NaN | H96: NaN | I96: NaN | J96: NaN | K96: NaN | L96: NaN | M96: NaN | N96: NaN | O96: NaN | P96: NaN | Q96: NaN | R96: NaN | S96: NaN | T96: NaN | U96: NaN | V96: NaN | W96: NaN | X96: NaN | Y96: NaN | Z96: NaN | AA96: NaN | AB96: -0.98154554 | AC96: -0.78938687 | AD96: -0.77659579 | AE96: -0.75555711 | AF96: -0.78778529 | AG96: -0.74249228 | AH96: -0.75397737 | AI96: -0.72624372 | AJ96: -0.76528299 | AK96: -0.71141937 | AL96: -0.70064517 | AM96: -0.76155197 | AN96: -0.76559808 | AO96: -0.68469966 | AP96: -0.75813709 | AQ96: -0.67539445 | AR96: -0.67297076 | AS96: -0.67746038 | AT96: -0.75472041 | AU96: -0.79854758 | AV96: -0.73372889 | AW96: -0.74309308 | AX96: -0.74184746 | AY96: -0.73163037 | AZ96: -0.73942999 | BA96: -0.74493992 | BB96: -0.79097959 | BC96: -0.77444712 | BD96: -0.8302991 | BE96: -0.88794523 | BF96: -0.81858198 | BG96: -0.83051975 | BH96: -0.96865265 | BI96: -0.76022622 | BJ96: -0.82092555 | BK96: -0.75392507 | BL96: -0.83356154 | BM96: -0.75822166 | BN96: -0.7569819 | BO96: -0.77750399 | BP96: -0.78406925 | BQ96: -0.79773227 | BR96: -0.77787213 | BS96: -0.77819002 | BT96: -0.76154462 | BU96: -0.8054335 | BV96: -0.7608965 | BW96: -0.77029362 | BX96: -0.75810011 | BY96: -0.72469576 | BZ96: -0.74831757 | CA96: -0.74504604 | CB96: -0.76796102 | CC96: -0.75581652 | CD96: -0.76690438 | CE96: -0.81624168 | CF96: -0.81299045 | CG96: -0.78747697 | CH96: -0.75946184 | CI96: -0.75647364 | CJ96: -0.7617354 | CK96: -0.74208259 | CL96: -0.76320947 | CM96: -0.77204065 | CN96: -0.70550967 | CO96: -0.74349941 | CP96: -0.73986386 | CQ96: -0.76 | CR96: -0.76 | CS96: -0.76 | CT96: -0.76 | CU96: -0.75 | CV96: -0.74 | CW96: -0.74 | CX96: -0.71 | CY96: -0.71 | CZ96: -0.71 | DA96: -0.7 | DB96: -0.7 | DC96: -0.69 | DD96: -0.69 | DE96: -0.68 | DF96: -0.68 | DG96: -0.68 | DH96: -0.67 | DI96: -0.67 | DJ96: -0.67 | DK96: -0.67 | DL96: -0.67 | DM96: -0.67 | DN96: -0.66 | DO96: -0.66 | DP96: -0.7 | DQ96: -0.7 | DR96: -0.7 | DS96: -0.7 | DT96: -0.7 | DU96: -0.69 | DV96: -0.69 | DW96: -0.69 | DX96: -0.68 | DY96: -0.68 | DZ96: -0.68 | EA96: -0.68 | EB96: -0.7332 | EC96: -0.73416 | ED96: -0.73367 | EE96: -0.73268 | EF96: -0.73154
A97: 34699 | B97: NaN | C97: NaN | D97: NaN | E97: NaN | F97: NaN | G97: NaN | H97: NaN | I97: NaN | J97: NaN | K97: NaN | L97: NaN | M97: NaN | N97: NaN | O97: NaN | P97: NaN | Q97: NaN | R97: NaN | S97: NaN | T97: NaN | U97: NaN | V97: NaN | W97: NaN | X97: NaN | Y97: NaN | Z97: NaN | AA97: NaN | AB97: NaN | AC97: -0.54545176 | AD97: -0.70997112 | AE97: -0.6879773 | AF97: -0.63812815 | AG97: -0.45491816 | AH97: -0.70211945 | AI97: -0.43795779 | AJ97: -0.63047174 | AK97: -0.41726047 | AL97: -0.40705764 | AM97: -0.73814648 | AN97: -0.74865152 | AO97: -0.39047361 | AP97: -0.70055822 | AQ97: -0.37888408 | AR97: -0.3746542 | AS97: -0.37202976 | AT97: -0.49550029 | AU97: -0.46198567 | AV97: -0.51134073 | AW97: -0.48925539 | AX97: -0.50867449 | AY97: -0.43594134 | AZ97: -0.4354054 | BA97: -0.45994809 | BB97: -0.53869348 | BC97: -0.50279016 | BD97: -0.60870939 | BE97: -0.63861365 | BF97: -0.60401522 | BG97: -0.60117107 | BH97: -0.6665594 | BI97: -0.4500567 | BJ97: -0.59389421 | BK97: -0.43533786 | BL97: -0.59512982 | BM97: -0.45241372 | BN97: -0.44551551 | BO97: -0.5076694 | BP97: -0.540438 | BQ97: -0.5605519 | BR97: -0.55283393 | BS97: -0.5568419 | BT97: -0.51775446 | BU97: -0.56412283 | BV97: -0.50700914 | BW97: -0.55204887 | BX97: -0.51122667 | BY97: -0.53035804 | BZ97: -0.50805537 | CA97: -0.50688727 | CB97: -0.5377867 | CC97: -0.39987094 | CD97: -0.50928151 | CE97: -0.48786161 | CF97: -0.50366016 | CG97: -0.50513259 | CH97: -0.50833759 | CI97: -0.528267 | CJ97: -0.5609739 | CK97: -0.64233691 | CL97: -0.56015554 | CM97: -0.5589623 | CN97: -0.61583587 | CO97: -0.63949176 | CP97: -0.6362123 | CQ97: -0.46 | CR97: -0.45 | CS97: -0.45 | CT97: -0.45 | CU97: -0.44 | CV97: -0.44 | CW97: -0.43 | CX97: -0.44 | CY97: -0.43 | CZ97: -0.43 | DA97: -0.43 | DB97: -0.41 | DC97: -0.41 | DD97: -0.41 | DE97: -0.41 | DF97: -0.41 | DG97: -0.41 | DH97: -0.41 | DI97: -0.41 | DJ97: -0.41 | DK97: -0.41 | DL97: -0.4 | DM97: -0.4 | DN97: -0.4 | DO97: -0.4 | DP97: -0.46 | DQ97: -0.5 | DR97: -0.5 | DS97: -0.51 | DT97: -0.51 | DU97: -0.51 | DV97: -0.51 | DW97: -0.5 | DX97: -0.5 | DY97: -0.5 | DZ97: -0.49 | EA97: -0.49 | EB97: -0.46152 | EC97: -0.46137 | ED97: -0.46081 | EE97: -0.46345 | EF97: -0.46231
A98: 34789 | B98: NaN | C98: NaN | D98: NaN | E98: NaN | F98: NaN | G98: NaN | H98: NaN | I98: NaN | J98: NaN | K98: NaN | L98: NaN | M98: NaN | N98: NaN | O98: NaN | P98: NaN | Q98: NaN | R98: NaN | S98: NaN | T98: NaN | U98: NaN | V98: NaN | W98: NaN | X98: NaN | Y98: NaN | Z98: NaN | AA98: NaN | AB98: NaN | AC98: NaN | AD98: -0.65999211 | AE98: -0.695357 | AF98: -0.74186805 | AG98: -0.78929246 | AH98: -0.64882935 | AI98: -0.77387885 | AJ98: -0.71527171 | AK98: -0.7591828 | AL98: -0.75177952 | AM98: -0.57559308 | AN98: -0.5790507 | AO98: -0.73702192 | AP98: -0.59666518 | AQ98: -0.72957059 | AR98: -0.72703902 | AS98: -0.7320145 | AT98: -0.70711266 | AU98: -0.74244787 | AV98: -0.69844457 | AW98: -0.70297438 | AX98: -0.71053653 | AY98: -0.70716594 | AZ98: -0.71023521 | BA98: -0.7057741 | BB98: -0.73168212 | BC98: -0.7304895 | BD98: -0.73853404 | BE98: -0.76001971 | BF98: -0.74155393 | BG98: -0.74970997 | BH98: -0.79476951 | BI98: -0.73474501 | BJ98: -0.74151634 | BK98: -0.72928033 | BL98: -0.75953362 | BM98: -0.73025124 | BN98: -0.72977624 | BO98: -0.73159134 | BP98: -0.73052278 | BQ98: -0.73962362 | BR98: -0.72558438 | BS98: -0.72089283 | BT98: -0.71181642 | BU98: -0.73038482 | BV98: -0.70960223 | BW98: -0.70855591 | BX98: -0.70956004 | BY98: -0.67845163 | BZ98: -0.70092276 | CA98: -0.70069866 | CB98: -0.71121472 | CC98: -0.72681207 | CD98: -0.69880452 | CE98: -0.72787441 | CF98: -0.7331148 | CG98: -0.72690886 | CH98: -0.70118146 | CI98: -0.70862785 | CJ98: -0.71929955 | CK98: -0.72257259 | CL98: -0.72549326 | CM98: -0.73786011 | CN98: -0.68912575 | CO98: -0.72756045 | CP98: -0.7243827 | CQ98: -0.71 | CR98: -0.71 | CS98: -0.71 | CT98: -0.71 | CU98: -0.7 | CV98: -0.69 | CW98: -0.69 | CX98: -0.66 | CY98: -0.66 | CZ98: -0.66 | DA98: -0.65 | DB98: -0.65 | DC98: -0.65 | DD98: -0.65 | DE98: -0.64 | DF98: -0.64 | DG98: -0.63 | DH98: -0.63 | DI98: -0.63 | DJ98: -0.62 | DK98: -0.63 | DL98: -0.62 | DM98: -0.62 | DN98: -0.62 | DO98: -0.62 | DP98: -0.65 | DQ98: -0.65 | DR98: -0.65 | DS98: -0.65 | DT98: -0.65 | DU98: -0.65 | DV98: -0.65 | DW98: -0.64 | DX98: -0.64 | DY98: -0.64 | DZ98: -0.63 | EA98: -0.63 | EB98: -0.68339 | EC98: -0.68424 | ED98: -0.68388 | EE98: -0.6814 | EF98: -0.68025
A99: 34880 | B99: NaN | C99: NaN | D99: NaN | E99: NaN | F99: NaN | G99: NaN | H99: NaN | I99: NaN | J99: NaN | K99: NaN | L99: NaN | M99: NaN | N99: NaN | O99: NaN | P99: NaN | Q99: NaN | R99: NaN | S99: NaN | T99: NaN | U99: NaN | V99: NaN | W99: NaN | X99: NaN | Y99: NaN | Z99: NaN | AA99: NaN | AB99: NaN | AC99: NaN | AD99: NaN | AE99: -0.66341525 | AF99: -0.75518214 | AG99: -0.80309728 | AH99: -0.61465983 | AI99: -0.78696435 | AJ99: -0.73042238 | AK99: -0.7726168 | AL99: -0.7671856 | AM99: -0.51399648 | AN99: -0.51522484 | AO99: -0.75159436 | AP99: -0.55684019 | AQ99: -0.74419351 | AR99: -0.7414292 | AS99: -0.74412828 | AT99: -0.74586707 | AU99: -0.73376482 | AV99: -0.73476597 | AW99: -0.73184092 | AX99: -0.75403125 | AY99: -0.78985048 | AZ99: -0.80196103 | BA99: -0.78672712 | BB99: -0.76867419 | BC99: -0.80048867 | BD99: -0.74079326 | BE99: -0.72014169 | BF99: -0.75788065 | BG99: -0.76686401 | BH99: -0.7149541 | BI99: -0.83605069 | BJ99: -0.76573355 | BK99: -0.83461617 | BL99: -0.80441387 | BM99: -0.82796837 | BN99: -0.83105958 | BO99: -0.81114043 | BP99: -0.79115345 | BQ99: -0.79559064 | BR99: -0.78028119 | BS99: -0.76691094 | BT99: -0.77180461 | BU99: -0.76810514 | BV99: -0.77105962 | BW99: -0.75236945 | BX99: -0.77144876 | BY99: -0.72870495 | BZ99: -0.7646298 | CA99: -0.76386899 | CB99: -0.76023598 | CC99: -0.8445784 | CD99: -0.75923113 | CE99: -0.79664404 | CF99: -0.79329145 | CG99: -0.7595739 | CH99: -0.72202142 | CI99: -0.72125483 | CJ99: -0.73443613 | CK99: -0.73590817 | CL99: -0.73935444 | CM99: -0.74756999 | CN99: -0.70586582 | CO99: -0.73866562 | CP99: -0.73591906 | CQ99: -0.7 | CR99: -0.69 | CS99: -0.69 | CT99: -0.69 | CU99: -0.69 | CV99: -0.68 | CW99: -0.68 | CX99: -0.67 | CY99: -0.67 | CZ99: -0.66 | DA99: -0.66 | DB99: -0.66 | DC99: -0.65 | DD99: -0.64 | DE99: -0.64 | DF99: -0.64 | DG99: -0.63 | DH99: -0.62 | DI99: -0.62 | DJ99: -0.62 | DK99: -0.61 | DL99: -0.61 | DM99: -0.61 | DN99: -0.6 | DO99: -0.6 | DP99: -0.64 | DQ99: -0.64 | DR99: -0.63 | DS99: -0.63 | DT99: -0.63 | DU99: -0.63 | DV99: -0.63 | DW99: -0.63 | DX99: -0.63 | DY99: -0.63 | DZ99: -0.62 | EA99: -0.63 | EB99: -0.71002 | EC99: -0.71297 | ED99: -0.71278 | EE99: -0.70831 | EF99: -0.707
A100: 34972 | B100: NaN | C100: NaN | D100: NaN | E100: NaN | F100: NaN | G100: NaN | H100: NaN | I100: NaN | J100: NaN | K100: NaN | L100: NaN | M100: NaN | N100: NaN | O100: NaN | P100: NaN | Q100: NaN | R100: NaN | S100: NaN | T100: NaN | U100: NaN | V100: NaN | W100: NaN | X100: NaN | Y100: NaN | Z100: NaN | AA100: NaN | AB100: NaN | AC100: NaN | AD100: NaN | AE100: NaN | AF100: -0.77351883 | AG100: -0.74028462 | AH100: -0.40106029 | AI100: -0.72020222 | AJ100: -0.58114423 | AK100: -0.70109844 | AL100: -0.69473613 | AM100: -0.41574356 | AN100: -0.44382844 | AO100: -0.6815365 | AP100: -0.50181583 | AQ100: -0.67444373 | AR100: -0.67131448 | AS100: -0.677932 | AT100: -0.71151273 | AU100: -0.67651516 | AV100: -0.7090797 | AW100: -0.66095571 | AX100: -0.72210236 | AY100: -0.75233768 | AZ100: -0.76038493 | BA100: -0.74388779 | BB100: -0.69653454 | BC100: -0.7603753 | BD100: -0.71154608 | BE100: -0.72797591 | BF100: -0.72417462 | BG100: -0.73502495 | BH100: -0.78058617 | BI100: -0.80796555 | BJ100: -0.73161129 | BK100: -0.8049153 | BL100: -0.75349982 | BM100: -0.79603812 | BN100: -0.79973186 | BO100: -0.77738894 | BP100: -0.75765545 | BQ100: -0.75648615 | BR100: -0.72464124 | BS100: -0.73716215 | BT100: -0.74128174 | BU100: -0.71841408 | BV100: -0.73895145 | BW100: -0.70408706 | BX100: -0.74203308 | BY100: -0.68735872 | BZ100: -0.73790101 | CA100: -0.73587273 | CB100: -0.71544751 | CC100: -0.81489157 | CD100: -0.70750942 | CE100: -0.75696495 | CF100: -0.75066802 | CG100: -0.70494322 | CH100: -0.66429357 | CI100: -0.66049594 | CJ100: -0.66797419 | CK100: -0.64767529 | CL100: -0.67524247 | CM100: -0.68278878 | CN100: -0.6250007 | CO100: -0.64753656 | CP100: -0.64652599 | CQ100: -0.73 | CR100: -0.72 | CS100: -0.73 | CT100: -0.72 | CU100: -0.72 | CV100: -0.71 | CW100: -0.7 | CX100: -0.69 | CY100: -0.68 | CZ100: -0.68 | DA100: -0.68 | DB100: -0.67 | DC100: -0.66 | DD100: -0.66 | DE100: -0.66 | DF100: -0.65 | DG100: -0.64 | DH100: -0.64 | DI100: -0.63 | DJ100: -0.63 | DK100: -0.63 | DL100: -0.62 | DM100: -0.62 | DN100: -0.62 | DO100: -0.62 | DP100: -0.66 | DQ100: -0.65 | DR100: -0.65 | DS100: -0.65 | DT100: -0.65 | DU100: -0.64 | DV100: -0.64 | DW100: -0.64 | DX100: -0.64 | DY100: -0.64 | DZ100: -0.64 | EA100: -0.64 | EB100: -0.71233 | EC100: -0.71508 | ED100: -0.71538 | EE100: -0.71064 | EF100: -0.7094
A101: 35064 | B101: NaN | C101: NaN | D101: NaN | E101: NaN | F101: NaN | G101: NaN | H101: NaN | I101: NaN | J101: NaN | K101: NaN | L101: NaN | M101: NaN | N101: NaN | O101: NaN | P101: NaN | Q101: NaN | R101: NaN | S101: NaN | T101: NaN | U101: NaN | V101: NaN | W101: NaN | X101: NaN | Y101: NaN | Z101: NaN | AA101: NaN | AB101: NaN | AC101: NaN | AD101: NaN | AE101: NaN | AF101: NaN | AG101: -0.71083908 | AH101: -0.54243306 | AI101: -0.65515618 | AJ101: -0.5698888 | AK101: -0.63766601 | AL101: -0.62785074 | AM101: -0.48914558 | AN101: -0.472466 | AO101: -0.61120711 | AP101: -0.46750923 | AQ101: -0.60159159 | AR101: -0.59705674 | AS101: -0.59861459 | AT101: -0.69308856 | AU101: -0.5055411 | AV101: -0.69647055 | AW101: -0.60411498 | AX101: -0.72014943 | AY101: -0.76163481 | AZ101: -0.77866268 | BA101: -0.75954552 | BB101: -0.62186528 | BC101: -0.74795958 | BD101: -0.59503558 | BE101: -0.52363872 | BF101: -0.62643043 | BG101: -0.63316394 | BH101: -0.4823517 | BI101: -0.8151961 | BJ101: -0.63935752 | BK101: -0.80512419 | BL101: -0.67076431 | BM101: -0.79679895 | BN101: -0.80325017 | BO101: -0.76960601 | BP101: -0.74677857 | BQ101: -0.7359504 | BR101: -0.6750847 | BS101: -0.72558553 | BT101: -0.73191124 | BU101: -0.63319769 | BV101: -0.72726187 | BW101: -0.64351417 | BX101: -0.74567409 | BY101: -0.65124794 | BZ101: -0.73764084 | CA101: -0.73384938 | CB101: -0.65587263 | CC101: -0.82305212 | CD101: -0.67119839 | CE101: -0.76446316 | CF101: -0.76374609 | CG101: -0.69845908 | CH101: -0.67657246 | CI101: -0.67955 | CJ101: -0.68416174 | CK101: -0.61408572 | CL101: -0.70027787 | CM101: -0.70959733 | CN101: -0.60054051 | CO101: -0.61659367 | CP101: -0.61438559 | CQ101: -0.68 | CR101: -0.66 | CS101: -0.67 | CT101: -0.67 | CU101: -0.67 | CV101: -0.67 | CW101: -0.66 | CX101: -0.69 | CY101: -0.68 | CZ101: -0.68 | DA101: -0.68 | DB101: -0.67 | DC101: -0.66 | DD101: -0.66 | DE101: -0.66 | DF101: -0.66 | DG101: -0.66 | DH101: -0.66 | DI101: -0.66 | DJ101: -0.66 | DK101: -0.65 | DL101: -0.64 | DM101: -0.64 | DN101: -0.64 | DO101: -0.64 | DP101: -0.7 | DQ101: -0.69 | DR101: -0.69 | DS101: -0.68 | DT101: -0.68 | DU101: -0.68 | DV101: -0.68 | DW101: -0.68 | DX101: -0.67 | DY101: -0.67 | DZ101: -0.67 | EA101: -0.67 | EB101: -0.73875 | EC101: -0.74233 | ED101: -0.74297 | EE101: -0.73728 | EF101: -0.73604
A102: 35155 | B102: NaN | C102: NaN | D102: NaN | E102: NaN | F102: NaN | G102: NaN | H102: NaN | I102: NaN | J102: NaN | K102: NaN | L102: NaN | M102: NaN | N102: NaN | O102: NaN | P102: NaN | Q102: NaN | R102: NaN | S102: NaN | T102: NaN | U102: NaN | V102: NaN | W102: NaN | X102: NaN | Y102: NaN | Z102: NaN | AA102: NaN | AB102: NaN | AC102: NaN | AD102: NaN | AE102: NaN | AF102: NaN | AG102: NaN | AH102: -0.74280577 | AI102: -0.89008577 | AJ102: -0.61258179 | AK102: -0.87426329 | AL102: -0.86742271 | AM102: -0.41917738 | AN102: -0.41152907 | AO102: -0.85534025 | AP102: -0.44817555 | AQ102: -0.847773 | AR102: -0.84688406 | AS102: -0.85020416 | AT102: -0.67766371 | AU102: -0.64502223 | AV102: -0.67404144 | AW102: -0.64153372 | AX102: -0.6946556 | AY102: -0.73567188 | AZ102: -0.75157619 | BA102: -0.7359565 | BB102: -0.65961287 | BC102: -0.73383457 | BD102: -0.63493017 | BE102: -0.60875546 | BF102: -0.64557694 | BG102: -0.66052038 | BH102: -0.61077391 | BI102: -0.79250626 | BJ102: -0.67283564 | BK102: -0.7888268 | BL102: -0.70761348 | BM102: -0.77941382 | BN102: -0.78441092 | BO102: -0.75645308 | BP102: -0.73480416 | BQ102: -0.72897939 | BR102: -0.68754836 | BS102: -0.70926495 | BT102: -0.71479336 | BU102: -0.67550992 | BV102: -0.71353135 | BW102: -0.66101165 | BX102: -0.71939929 | BY102: -0.64259045 | BZ102: -0.7120689 | CA102: -0.70783598 | CB102: -0.66709731 | CC102: -0.8032379 | CD102: -0.67270663 | CE102: -0.7583985 | CF102: -0.75908466 | CG102: -0.70832646 | CH102: -0.6692497 | CI102: -0.66089032 | CJ102: -0.65231431 | CK102: -0.56644404 | CL102: -0.65981385 | CM102: -0.66962168 | CN102: -0.55279039 | CO102: -0.56949878 | CP102: -0.56640819 | CQ102: -0.7 | CR102: -0.72 | CS102: -0.71 | CT102: -0.71 | CU102: -0.71 | CV102: -0.69 | CW102: -0.68 | CX102: -0.67 | CY102: -0.67 | CZ102: -0.67 | DA102: -0.66 | DB102: -0.66 | DC102: -0.66 | DD102: -0.65 | DE102: -0.65 | DF102: -0.64 | DG102: -0.64 | DH102: -0.63 | DI102: -0.63 | DJ102: -0.63 | DK102: -0.63 | DL102: -0.63 | DM102: -0.62 | DN102: -0.62 | DO102: -0.61 | DP102: -0.65 | DQ102: -0.64 | DR102: -0.64 | DS102: -0.63 | DT102: -0.63 | DU102: -0.63 | DV102: -0.63 | DW102: -0.63 | DX102: -0.64 | DY102: -0.64 | DZ102: -0.64 | EA102: -0.65 | EB102: -0.73917 | EC102: -0.74595 | ED102: -0.7462 | EE102: -0.74208 | EF102: -0.74083
A103: 35246 | B103: NaN | C103: NaN | D103: NaN | E103: NaN | F103: NaN | G103: NaN | H103: NaN | I103: NaN | J103: NaN | K103: NaN | L103: NaN | M103: NaN | N103: NaN | O103: NaN | P103: NaN | Q103: NaN | R103: NaN | S103: NaN | T103: NaN | U103: NaN | V103: NaN | W103: NaN | X103: NaN | Y103: NaN | Z103: NaN | AA103: NaN | AB103: NaN | AC103: NaN | AD103: NaN | AE103: NaN | AF103: NaN | AG103: NaN | AH103: NaN | AI103: -0.8713569 | AJ103: -0.66756458 | AK103: -0.86165043 | AL103: -0.85287411 | AM103: -0.65756529 | AN103: -0.63871655 | AO103: -0.84294342 | AP103: -0.63352139 | AQ103: -0.83738795 | AR103: -0.83694591 | AS103: -0.83915345 | AT103: -0.70338339 | AU103: -0.71367386 | AV103: -0.69629762 | AW103: -0.66561863 | AX103: -0.70630241 | AY103: -0.70755872 | AZ103: -0.71994758 | BA103: -0.71753278 | BB103: -0.70923924 | BC103: -0.73857015 | BD103: -0.73693776 | BE103: -0.75880044 | BF103: -0.73154244 | BG103: -0.7483407 | BH103: -0.80398154 | BI103: -0.76606763 | BJ103: -0.74796896 | BK103: -0.75732042 | BL103: -0.76987218 | BM103: -0.75544372 | BN103: -0.76061338 | BO103: -0.76411513 | BP103: -0.76173403 | BQ103: -0.76174136 | BR103: -0.71917647 | BS103: -0.74889565 | BT103: -0.73384386 | BU103: -0.73910209 | BV103: -0.73072491 | BW103: -0.70982906 | BX103: -0.73913042 | BY103: -0.67239075 | BZ103: -0.72777758 | CA103: -0.7232148 | CB103: -0.71060609 | CC103: -0.76399616 | CD103: -0.7081514 | CE103: -0.77716126 | CF103: -0.7593048 | CG103: -0.74144544 | CH103: -0.69515434 | CI103: -0.67532172 | CJ103: -0.66803152 | CK103: -0.61746418 | CL103: -0.66748617 | CM103: -0.67615053 | CN103: -0.59814214 | CO103: -0.62108676 | CP103: -0.61702166 | CQ103: -0.71 | CR103: -0.72 | CS103: -0.72 | CT103: -0.72 | CU103: -0.72 | CV103: -0.71 | CW103: -0.7 | CX103: -0.69 | CY103: -0.69 | CZ103: -0.68 | DA103: -0.68 | DB103: -0.68 | DC103: -0.67 | DD103: -0.67 | DE103: -0.66 | DF103: -0.66 | DG103: -0.66 | DH103: -0.65 | DI103: -0.65 | DJ103: -0.65 | DK103: -0.65 | DL103: -0.65 | DM103: -0.65 | DN103: -0.64 | DO103: -0.64 | DP103: -0.68 | DQ103: -0.68 | DR103: -0.68 | DS103: -0.68 | DT103: -0.67 | DU103: -0.67 | DV103: -0.67 | DW103: -0.66 | DX103: -0.65 | DY103: -0.65 | DZ103: -0.65 | EA103: -0.66 | EB103: -0.71944 | EC103: -0.7233 | ED103: -0.72402 | EE103: -0.7221 | EF103: -0.72104
A104: 35338 | B104: NaN | C104: NaN | D104: NaN | E104: NaN | F104: NaN | G104: NaN | H104: NaN | I104: NaN | J104: NaN | K104: NaN | L104: NaN | M104: NaN | N104: NaN | O104: NaN | P104: NaN | Q104: NaN | R104: NaN | S104: NaN | T104: NaN | U104: NaN | V104: NaN | W104: NaN | X104: NaN | Y104: NaN | Z104: NaN | AA104: NaN | AB104: NaN | AC104: NaN | AD104: NaN | AE104: NaN | AF104: NaN | AG104: NaN | AH104: NaN | AI104: NaN | AJ104: -0.74505276 | AK104: -0.74061371 | AL104: -0.72798664 | AM104: -0.43358805 | AN104: -0.4618502 | AO104: -0.71371317 | AP104: -0.52892143 | AQ104: -0.7066266 | AR104: -0.70451735 | AS104: -0.70740273 | AT104: -0.67898442 | AU104: -0.58835511 | AV104: -0.68588425 | AW104: -0.57997623 | AX104: -0.70100611 | AY104: -0.70857511 | AZ104: -0.72958711 | BA104: -0.72748151 | BB104: -0.64713256 | BC104: -0.74374469 | BD104: -0.67357859 | BE104: -0.67710523 | BF104: -0.68466002 | BG104: -0.70090877 | BH104: -0.70589485 | BI104: -0.79137816 | BJ104: -0.71062768 | BK104: -0.78282634 | BL104: -0.74069501 | BM104: -0.78266303 | BN104: -0.78778426 | BO104: -0.79066912 | BP104: -0.78611219 | BQ104: -0.78034086 | BR104: -0.72468923 | BS104: -0.77001597 | BT104: -0.75368839 | BU104: -0.7149839 | BV104: -0.74823777 | BW104: -0.69341742 | BX104: -0.7607369 | BY104: -0.67720381 | BZ104: -0.7456074 | CA104: -0.7420066 | CB104: -0.68898531 | CC104: -0.78277412 | CD104: -0.68141512 | CE104: -0.74291133 | CF104: -0.71989004 | CG104: -0.67005396 | CH104: -0.631253 | CI104: -0.61935035 | CJ104: -0.61506301 | CK104: -0.56553151 | CL104: -0.62201768 | CM104: -0.6291432 | CN104: -0.55447533 | CO104: -0.57092642 | CP104: -0.5690489 | CQ104: -0.69 | CR104: -0.69 | CS104: -0.69 | CT104: -0.69 | CU104: -0.69 | CV104: -0.68 | CW104: -0.68 | CX104: -0.7 | CY104: -0.7 | CZ104: -0.7 | DA104: -0.69 | DB104: -0.69 | DC104: -0.69 | DD104: -0.68 | DE104: -0.68 | DF104: -0.68 | DG104: -0.66 | DH104: -0.66 | DI104: -0.66 | DJ104: -0.66 | DK104: -0.66 | DL104: -0.65 | DM104: -0.65 | DN104: -0.65 | DO104: -0.65 | DP104: -0.69 | DQ104: -0.7 | DR104: -0.7 | DS104: -0.69 | DT104: -0.69 | DU104: -0.69 | DV104: -0.69 | DW104: -0.69 | DX104: -0.68 | DY104: -0.68 | DZ104: -0.68 | EA104: -0.69 | EB104: -0.75305 | EC104: -0.7558 | ED104: -0.75634 | EE104: -0.75476 | EF104: -0.75379
A105: 35430 | B105: NaN | C105: NaN | D105: NaN | E105: NaN | F105: NaN | G105: NaN | H105: NaN | I105: NaN | J105: NaN | K105: NaN | L105: NaN | M105: NaN | N105: NaN | O105: NaN | P105: NaN | Q105: NaN | R105: NaN | S105: NaN | T105: NaN | U105: NaN | V105: NaN | W105: NaN | X105: NaN | Y105: NaN | Z105: NaN | AA105: NaN | AB105: NaN | AC105: NaN | AD105: NaN | AE105: NaN | AF105: NaN | AG105: NaN | AH105: NaN | AI105: NaN | AJ105: NaN | AK105: -0.63609099 | AL105: -0.69806488 | AM105: -0.6797029 | AN105: -0.71075219 | AO105: -0.69404828 | AP105: -0.71844761 | AQ105: -0.68601271 | AR105: -0.68478823 | AS105: -0.69081505 | AT105: -0.68473221 | AU105: -0.64987971 | AV105: -0.70926933 | AW105: -0.62835477 | AX105: -0.73272959 | AY105: -0.75825747 | AZ105: -0.78890863 | BA105: -0.79288362 | BB105: -0.72973914 | BC105: -0.81754472 | BD105: -0.73572772 | BE105: -0.71196675 | BF105: -0.75329609 | BG105: -0.770943 | BH105: -0.730746 | BI105: -0.85234724 | BJ105: -0.79122484 | BK105: -0.84943544 | BL105: -0.8274385 | BM105: -0.84781262 | BN105: -0.85064502 | BO105: -0.85250211 | BP105: -0.84681493 | BQ105: -0.84803697 | BR105: -0.81082541 | BS105: -0.83348253 | BT105: -0.81995331 | BU105: -0.79349878 | BV105: -0.81904905 | BW105: -0.77393103 | BX105: -0.82299932 | BY105: -0.75814666 | BZ105: -0.81412683 | CA105: -0.80970237 | CB105: -0.77541264 | CC105: -0.85485199 | CD105: -0.76537217 | CE105: -0.79426911 | CF105: -0.76252998 | CG105: -0.72410128 | CH105: -0.65787775 | CI105: -0.64606731 | CJ105: -0.65214992 | CK105: -0.66081933 | CL105: -0.65017712 | CM105: -0.65508904 | CN105: -0.64283045 | CO105: -0.665835 | CP105: -0.66487206 | CQ105: -0.66 | CR105: -0.66 | CS105: -0.66 | CT105: -0.66 | CU105: -0.65 | CV105: -0.64 | CW105: -0.64 | CX105: -0.64 | CY105: -0.64 | CZ105: -0.64 | DA105: -0.63 | DB105: -0.63 | DC105: -0.62 | DD105: -0.62 | DE105: -0.62 | DF105: -0.61 | DG105: -0.6 | DH105: -0.6 | DI105: -0.6 | DJ105: -0.6 | DK105: -0.6 | DL105: -0.59 | DM105: -0.59 | DN105: -0.59 | DO105: -0.59 | DP105: -0.62 | DQ105: -0.64 | DR105: -0.64 | DS105: -0.64 | DT105: -0.63 | DU105: -0.63 | DV105: -0.63 | DW105: -0.63 | DX105: -0.63 | DY105: -0.63 | DZ105: -0.64 | EA105: -0.64 | EB105: -0.69733 | EC105: -0.699 | ED105: -0.69935 | EE105: -0.69728 | EF105: -0.69611
A106: 35520 | B106: NaN | C106: NaN | D106: NaN | E106: NaN | F106: NaN | G106: NaN | H106: NaN | I106: NaN | J106: NaN | K106: NaN | L106: NaN | M106: NaN | N106: NaN | O106: NaN | P106: NaN | Q106: NaN | R106: NaN | S106: NaN | T106: NaN | U106: NaN | V106: NaN | W106: NaN | X106: NaN | Y106: NaN | Z106: NaN | AA106: NaN | AB106: NaN | AC106: NaN | AD106: NaN | AE106: NaN | AF106: NaN | AG106: NaN | AH106: NaN | AI106: NaN | AJ106: NaN | AK106: NaN | AL106: -0.85964346 | AM106: -0.41472535 | AN106: -0.36917778 | AO106: -0.79278012 | AP106: -0.37400064 | AQ106: -0.78557471 | AR106: -0.78478853 | AS106: -0.78632636 | AT106: -0.67653378 | AU106: -0.66274472 | AV106: -0.68999897 | AW106: -0.63691222 | AX106: -0.711973 | AY106: -0.72776277 | AZ106: -0.75376879 | BA106: -0.75578756 | BB106: -0.69380857 | BC106: -0.763457 | BD106: -0.66237978 | BE106: -0.66139994 | BF106: -0.68685194 | BG106: -0.70638319 | BH106: -0.71443091 | BI106: -0.78414945 | BJ106: -0.72007155 | BK106: -0.77561029 | BL106: -0.7557761 | BM106: -0.77480311 | BN106: -0.77656074 | BO106: -0.78851009 | BP106: -0.78383244 | BQ106: -0.78393467 | BR106: -0.74667181 | BS106: -0.77313879 | BT106: -0.7605347 | BU106: -0.72883292 | BV106: -0.76306447 | BW106: -0.71057606 | BX106: -0.76119786 | BY106: -0.69927462 | BZ106: -0.74966856 | CA106: -0.74622307 | CB106: -0.7097391 | CC106: -0.77925246 | CD106: -0.71885718 | CE106: -0.75694899 | CF106: -0.74050213 | CG106: -0.70513422 | CH106: -0.67923749 | CI106: -0.68601808 | CJ106: -0.68878157 | CK106: -0.6646254 | CL106: -0.69149287 | CM106: -0.6967756 | CN106: -0.64146126 | CO106: -0.66942034 | CP106: -0.66548369 | CQ106: -0.71 | CR106: -0.71 | CS106: -0.71 | CT106: -0.71 | CU106: -0.7 | CV106: -0.7 | CW106: -0.7 | CX106: -0.69 | CY106: -0.69 | CZ106: -0.68 | DA106: -0.68 | DB106: -0.68 | DC106: -0.67 | DD106: -0.67 | DE106: -0.67 | DF106: -0.66 | DG106: -0.67 | DH106: -0.67 | DI106: -0.67 | DJ106: -0.67 | DK106: -0.66 | DL106: -0.66 | DM106: -0.66 | DN106: -0.65 | DO106: -0.65 | DP106: -0.69 | DQ106: -0.69 | DR106: -0.69 | DS106: -0.69 | DT106: -0.68 | DU106: -0.68 | DV106: -0.68 | DW106: -0.67 | DX106: -0.67 | DY106: -0.67 | DZ106: -0.67 | EA106: -0.68 | EB106: -0.73157 | EC106: -0.73152 | ED106: -0.73042 | EE106: -0.72789 | EF106: -0.72673
A107: 35611 | B107: NaN | C107: NaN | D107: NaN | E107: NaN | F107: NaN | G107: NaN | H107: NaN | I107: NaN | J107: NaN | K107: NaN | L107: NaN | M107: NaN | N107: NaN | O107: NaN | P107: NaN | Q107: NaN | R107: NaN | S107: NaN | T107: NaN | U107: NaN | V107: NaN | W107: NaN | X107: NaN | Y107: NaN | Z107: NaN | AA107: NaN | AB107: NaN | AC107: NaN | AD107: NaN | AE107: NaN | AF107: NaN | AG107: NaN | AH107: NaN | AI107: NaN | AJ107: NaN | AK107: NaN | AL107: NaN | AM107: -0.25573791 | AN107: -0.34379878 | AO107: -0.51859852 | AP107: -0.38144345 | AQ107: -0.50807432 | AR107: -0.50497469 | AS107: -0.51274782 | AT107: -0.61554353 | AU107: -0.57031123 | AV107: -0.64787432 | AW107: -0.58731851 | AX107: -0.67838217 | AY107: -0.68586004 | AZ107: -0.71481888 | BA107: -0.71707671 | BB107: -0.65900631 | BC107: -0.72785015 | BD107: -0.62644363 | BE107: -0.61265508 | BF107: -0.65952281 | BG107: -0.67274115 | BH107: -0.65020068 | BI107: -0.72276364 | BJ107: -0.68195379 | BK107: -0.7122639 | BL107: -0.71137013 | BM107: -0.71221737 | BN107: -0.71133201 | BO107: -0.73347541 | BP107: -0.73276974 | BQ107: -0.73445283 | BR107: -0.70873235 | BS107: -0.72890461 | BT107: -0.71506873 | BU107: -0.6852896 | BV107: -0.71768647 | BW107: -0.67808899 | BX107: -0.71435192 | BY107: -0.66930162 | BZ107: -0.70680039 | CA107: -0.70470422 | CB107: -0.67441646 | CC107: -0.70849414 | CD107: -0.66085092 | CE107: -0.68483003 | CF107: -0.68085088 | CG107: -0.63344807 | CH107: -0.63527301 | CI107: -0.64881505 | CJ107: -0.66031023 | CK107: -0.64502747 | CL107: -0.66842331 | CM107: -0.67041207 | CN107: -0.62426326 | CO107: -0.64699888 | CP107: -0.64426498 | CQ107: -0.69 | CR107: -0.68 | CS107: -0.68 | CT107: -0.68 | CU107: -0.67 | CV107: -0.68 | CW107: -0.67 | CX107: -0.66 | CY107: -0.66 | CZ107: -0.66 | DA107: -0.65 | DB107: -0.64 | DC107: -0.63 | DD107: -0.63 | DE107: -0.63 | DF107: -0.63 | DG107: -0.63 | DH107: -0.64 | DI107: -0.64 | DJ107: -0.64 | DK107: -0.63 | DL107: -0.62 | DM107: -0.62 | DN107: -0.62 | DO107: -0.62 | DP107: -0.67 | DQ107: -0.68 | DR107: -0.68 | DS107: -0.68 | DT107: -0.68 | DU107: -0.68 | DV107: -0.68 | DW107: -0.67 | DX107: -0.67 | DY107: -0.67 | DZ107: -0.67 | EA107: -0.68 | EB107: -0.69049 | EC107: -0.68981 | ED107: -0.68891 | EE107: -0.68777 | EF107: -0.68678
A108: 35703 | B108: NaN | C108: NaN | D108: NaN | E108: NaN | F108: NaN | G108: NaN | H108: NaN | I108: NaN | J108: NaN | K108: NaN | L108: NaN | M108: NaN | N108: NaN | O108: NaN | P108: NaN | Q108: NaN | R108: NaN | S108: NaN | T108: NaN | U108: NaN | V108: NaN | W108: NaN | X108: NaN | Y108: NaN | Z108: NaN | AA108: NaN | AB108: NaN | AC108: NaN | AD108: NaN | AE108: NaN | AF108: NaN | AG108: NaN | AH108: NaN | AI108: NaN | AJ108: NaN | AK108: NaN | AL108: NaN | AM108: NaN | AN108: -0.40755574 | AO108: -0.47662412 | AP108: -0.41605616 | AQ108: -0.46022979 | AR108: -0.45687269 | AS108: -0.46212302 | AT108: -0.56249758 | AU108: -0.53606795 | AV108: -0.59858706 | AW108: -0.56693595 | AX108: -0.62418632 | AY108: -0.62457628 | AZ108: -0.64449913 | BA108: -0.6431739 | BB108: -0.61938872 | BC108: -0.65761176 | BD108: -0.60541316 | BE108: -0.59967063 | BF108: -0.63070266 | BG108: -0.64001606 | BH108: -0.63295571 | BI108: -0.63590697 | BJ108: -0.64980268 | BK108: -0.62735554 | BL108: -0.66985121 | BM108: -0.62919213 | BN108: -0.62652198 | BO108: -0.65277744 | BP108: -0.65406849 | BQ108: -0.65908778 | BR108: -0.65132339 | BS108: -0.65221723 | BT108: -0.63981439 | BU108: -0.63459474 | BV108: -0.64243589 | BW108: -0.63014846 | BX108: -0.63472942 | BY108: -0.61652822 | BZ108: -0.62883455 | CA108: -0.62930413 | CB108: -0.62815544 | CC108: -0.62156722 | CD108: -0.61880683 | CE108: -0.63939658 | CF108: -0.64498826 | CG108: -0.6076122 | CH108: -0.61356709 | CI108: -0.62818156 | CJ108: -0.64223001 | CK108: -0.64885718 | CL108: -0.64825052 | CM108: -0.64876632 | CN108: -0.62616133 | CO108: -0.64982896 | CP108: -0.64653598 | CQ108: -0.64 | CR108: -0.63 | CS108: -0.63 | CT108: -0.63 | CU108: -0.63 | CV108: -0.63 | CW108: -0.63 | CX108: -0.63 | CY108: -0.62 | CZ108: -0.62 | DA108: -0.61 | DB108: -0.6 | DC108: -0.6 | DD108: -0.6 | DE108: -0.6 | DF108: -0.6 | DG108: -0.6 | DH108: -0.6 | DI108: -0.6 | DJ108: -0.6 | DK108: -0.59 | DL108: -0.58 | DM108: -0.58 | DN108: -0.58 | DO108: -0.58 | DP108: -0.63 | DQ108: -0.64 | DR108: -0.64 | DS108: -0.64 | DT108: -0.63 | DU108: -0.63 | DV108: -0.63 | DW108: -0.63 | DX108: -0.62 | DY108: -0.62 | DZ108: -0.63 | EA108: -0.64 | EB108: -0.66014 | EC108: -0.66022 | ED108: -0.65963 | EE108: -0.65974 | EF108: -0.6588
A109: 35795 | B109: NaN | C109: NaN | D109: NaN | E109: NaN | F109: NaN | G109: NaN | H109: NaN | I109: NaN | J109: NaN | K109: NaN | L109: NaN | M109: NaN | N109: NaN | O109: NaN | P109: NaN | Q109: NaN | R109: NaN | S109: NaN | T109: NaN | U109: NaN | V109: NaN | W109: NaN | X109: NaN | Y109: NaN | Z109: NaN | AA109: NaN | AB109: NaN | AC109: NaN | AD109: NaN | AE109: NaN | AF109: NaN | AG109: NaN | AH109: NaN | AI109: NaN | AJ109: NaN | AK109: NaN | AL109: NaN | AM109: NaN | AN109: NaN | AO109: -0.59313455 | AP109: -0.50545295 | AQ109: -0.58613335 | AR109: -0.58522467 | AS109: -0.58781985 | AT109: -0.5098069 | AU109: -0.4674917 | AV109: -0.53196212 | AW109: -0.50482607 | AX109: -0.55612348 | AY109: -0.5481679 | AZ109: -0.55241353 | BA109: -0.55020361 | BB109: -0.55460845 | BC109: -0.57532904 | BD109: -0.5325526 | BE109: -0.49953538 | BF109: -0.55760235 | BG109: -0.56297196 | BH109: -0.49736578 | BI109: -0.55826738 | BJ109: -0.58247709 | BK109: -0.55741882 | BL109: -0.59850902 | BM109: -0.55569235 | BN109: -0.54918688 | BO109: -0.56818561 | BP109: -0.5703178 | BQ109: -0.58063185 | BR109: -0.58322271 | BS109: -0.56584632 | BT109: -0.55340711 | BU109: -0.54298087 | BV109: -0.55437227 | BW109: -0.54848265 | BX109: -0.54343776 | BY109: -0.54901583 | BZ109: -0.54277201 | CA109: -0.5433282 | CB109: -0.54687593 | CC109: -0.53110455 | CD109: -0.54196407 | CE109: -0.52486652 | CF109: -0.53883422 | CG109: -0.54359629 | CH109: -0.53860276 | CI109: -0.55839849 | CJ109: -0.58084957 | CK109: -0.6179403 | CL109: -0.58369838 | CM109: -0.5821433 | CN109: -0.60056672 | CO109: -0.61752431 | CP109: -0.61491618 | CQ109: -0.56 | CR109: -0.56 | CS109: -0.56 | CT109: -0.56 | CU109: -0.55 | CV109: -0.55 | CW109: -0.55 | CX109: -0.54 | CY109: -0.53 | CZ109: -0.53 | DA109: -0.53 | DB109: -0.51 | DC109: -0.51 | DD109: -0.5 | DE109: -0.5 | DF109: -0.5 | DG109: -0.5 | DH109: -0.5 | DI109: -0.5 | DJ109: -0.5 | DK109: -0.49 | DL109: -0.48 | DM109: -0.48 | DN109: -0.48 | DO109: -0.48 | DP109: -0.51 | DQ109: -0.54 | DR109: -0.54 | DS109: -0.54 | DT109: -0.54 | DU109: -0.54 | DV109: -0.54 | DW109: -0.54 | DX109: -0.54 | DY109: -0.54 | DZ109: -0.55 | EA109: -0.56 | EB109: -0.547 | EC109: -0.54745 | ED109: -0.54727 | EE109: -0.54594 | EF109: -0.54482
A110: 35885 | B110: NaN | C110: NaN | D110: NaN | E110: NaN | F110: NaN | G110: NaN | H110: NaN | I110: NaN | J110: NaN | K110: NaN | L110: NaN | M110: NaN | N110: NaN | O110: NaN | P110: NaN | Q110: NaN | R110: NaN | S110: NaN | T110: NaN | U110: NaN | V110: NaN | W110: NaN | X110: NaN | Y110: NaN | Z110: NaN | AA110: NaN | AB110: NaN | AC110: NaN | AD110: NaN | AE110: NaN | AF110: NaN | AG110: NaN | AH110: NaN | AI110: NaN | AJ110: NaN | AK110: NaN | AL110: NaN | AM110: NaN | AN110: NaN | AO110: NaN | AP110: -0.30179787 | AQ110: -0.62405447 | AR110: -0.6219709 | AS110: -0.62554631 | AT110: -0.51329792 | AU110: -0.52912765 | AV110: -0.54232127 | AW110: -0.54022723 | AX110: -0.57002002 | AY110: -0.57258555 | AZ110: -0.58523766 | BA110: -0.58175769 | BB110: -0.57147185 | BC110: -0.58790529 | BD110: -0.54471751 | BE110: -0.53797478 | BF110: -0.56490562 | BG110: -0.57431634 | BH110: -0.55892977 | BI110: -0.57760174 | BJ110: -0.57963475 | BK110: -0.56906827 | BL110: -0.59515632 | BM110: -0.56715241 | BN110: -0.56252902 | BO110: -0.57672292 | BP110: -0.57434955 | BQ110: -0.5797674 | BR110: -0.57336102 | BS110: -0.56971168 | BT110: -0.56540918 | BU110: -0.55767733 | BV110: -0.5637843 | BW110: -0.55570234 | BX110: -0.55899266 | BY110: -0.54381803 | BZ110: -0.55452265 | CA110: -0.55389175 | CB110: -0.55468311 | CC110: -0.55246957 | CD110: -0.55050506 | CE110: -0.58010765 | CF110: -0.59482498 | CG110: -0.59897068 | CH110: -0.62446169 | CI110: -0.64526968 | CJ110: -0.65622201 | CK110: -0.63548196 | CL110: -0.66764715 | CM110: -0.67348103 | CN110: -0.61463929 | CO110: -0.6402255 | CP110: -0.63780849 | CQ110: -0.73 | CR110: -0.72 | CS110: -0.73 | CT110: -0.73 | CU110: -0.72 | CV110: -0.73 | CW110: -0.72 | CX110: -0.7 | CY110: -0.69 | CZ110: -0.69 | DA110: -0.69 | DB110: -0.68 | DC110: -0.67 | DD110: -0.67 | DE110: -0.67 | DF110: -0.67 | DG110: -0.67 | DH110: -0.67 | DI110: -0.67 | DJ110: -0.67 | DK110: -0.66 | DL110: -0.65 | DM110: -0.65 | DN110: -0.65 | DO110: -0.65 | DP110: -0.67 | DQ110: -0.67 | DR110: -0.67 | DS110: -0.67 | DT110: -0.66 | DU110: -0.66 | DV110: -0.66 | DW110: -0.66 | DX110: -0.65 | DY110: -0.65 | DZ110: -0.65 | EA110: -0.65 | EB110: -0.6795 | EC110: -0.67855 | ED110: -0.677 | EE110: -0.6745 | EF110: -0.67363
A111: 35976 | B111: NaN | C111: NaN | D111: NaN | E111: NaN | F111: NaN | G111: NaN | H111: NaN | I111: NaN | J111: NaN | K111: NaN | L111: NaN | M111: NaN | N111: NaN | O111: NaN | P111: NaN | Q111: NaN | R111: NaN | S111: NaN | T111: NaN | U111: NaN | V111: NaN | W111: NaN | X111: NaN | Y111: NaN | Z111: NaN | AA111: NaN | AB111: NaN | AC111: NaN | AD111: NaN | AE111: NaN | AF111: NaN | AG111: NaN | AH111: NaN | AI111: NaN | AJ111: NaN | AK111: NaN | AL111: NaN | AM111: NaN | AN111: NaN | AO111: NaN | AP111: NaN | AQ111: -0.59278247 | AR111: -0.53036161 | AS111: -0.52761459 | AT111: -0.42021378 | AU111: -0.43758657 | AV111: -0.45823854 | AW111: -0.47617976 | AX111: -0.4939774 | AY111: -0.50898504 | AZ111: -0.52123206 | BA111: -0.52305006 | BB111: -0.50188681 | BC111: -0.53475781 | BD111: -0.49241211 | BE111: -0.47691625 | BF111: -0.50440833 | BG111: -0.50184303 | BH111: -0.48559288 | BI111: -0.53889998 | BJ111: -0.49055364 | BK111: -0.53076356 | BL111: -0.49612107 | BM111: -0.52426533 | BN111: -0.51728495 | BO111: -0.51243821 | BP111: -0.50114956 | BQ111: -0.50849019 | BR111: -0.49265577 | BS111: -0.48888272 | BT111: -0.49385996 | BU111: -0.44663846 | BV111: -0.48608228 | BW111: -0.45637727 | BX111: -0.48356119 | BY111: -0.47519643 | BZ111: -0.47861604 | CA111: -0.47761421 | CB111: -0.4627324 | CC111: -0.49922532 | CD111: -0.48612612 | CE111: -0.48217521 | CF111: -0.49486389 | CG111: -0.50951749 | CH111: -0.52322557 | CI111: -0.53865266 | CJ111: -0.56556428 | CK111: -0.61079664 | CL111: -0.58340618 | CM111: -0.59390069 | CN111: -0.60236037 | CO111: -0.62940399 | CP111: -0.62677208 | CQ111: -0.63 | CR111: -0.62 | CS111: -0.62 | CT111: -0.62 | CU111: -0.62 | CV111: -0.62 | CW111: -0.62 | CX111: -0.62 | CY111: -0.61 | CZ111: -0.61 | DA111: -0.6 | DB111: -0.61 | DC111: -0.6 | DD111: -0.6 | DE111: -0.6 | DF111: -0.6 | DG111: -0.6 | DH111: -0.6 | DI111: -0.6 | DJ111: -0.6 | DK111: -0.6 | DL111: -0.59 | DM111: -0.59 | DN111: -0.59 | DO111: -0.59 | DP111: -0.61 | DQ111: -0.62 | DR111: -0.62 | DS111: -0.61 | DT111: -0.61 | DU111: -0.61 | DV111: -0.61 | DW111: -0.6 | DX111: -0.6 | DY111: -0.6 | DZ111: -0.6 | EA111: -0.6 | EB111: -0.60067 | EC111: -0.59943 | ED111: -0.59796 | EE111: -0.59795 | EF111: -0.59692
A112: 36068 | B112: NaN | C112: NaN | D112: NaN | E112: NaN | F112: NaN | G112: NaN | H112: NaN | I112: NaN | J112: NaN | K112: NaN | L112: NaN | M112: NaN | N112: NaN | O112: NaN | P112: NaN | Q112: NaN | R112: NaN | S112: NaN | T112: NaN | U112: NaN | V112: NaN | W112: NaN | X112: NaN | Y112: NaN | Z112: NaN | AA112: NaN | AB112: NaN | AC112: NaN | AD112: NaN | AE112: NaN | AF112: NaN | AG112: NaN | AH112: NaN | AI112: NaN | AJ112: NaN | AK112: NaN | AL112: NaN | AM112: NaN | AN112: NaN | AO112: NaN | AP112: NaN | AQ112: NaN | AR112: -0.25418398 | AS112: -0.17182118 | AT112: 0.20394596 | AU112: 0.15583674 | AV112: 0.10943146 | AW112: -0.037372793 | AX112: 0.05402177 | AY112: 0.050699652 | AZ112: 0.064711117 | BA112: 0.041907134 | BB112: -0.017608434 | BC112: -0.00083085112 | BD112: -0.046492172 | BE112: -0.03233661 | BF112: -0.079231588 | BG112: -0.066430963 | BH112: -0.021885371 | BI112: -0.086824567 | BJ112: -0.092838918 | BK112: -0.099878895 | BL112: -0.075330489 | BM112: -0.083785199 | BN112: -0.067946916 | BO112: -0.031809706 | BP112: -0.011167706 | BQ112: -0.025753133 | BR112: -0.058588282 | BS112: 0.0095830121 | BT112: -0.008026194 | BU112: 0.005003304 | BV112: 0.0062446062 | BW112: -0.029761015 | BX112: 0.02025557 | BY112: -0.064054109 | BZ112: 0.01487104 | CA112: 0.014288745 | CB112: -0.023193368 | CC112: -0.01515251 | CD112: -0.10031604 | CE112: -0.041043845 | CF112: -0.10286737 | CG112: -0.16486409 | CH112: -0.20641342 | CI112: -0.23695221 | CJ112: -0.27287268 | CK112: -0.37004748 | CL112: -0.26264267 | CM112: -0.25536509 | CN112: -0.37295726 | CO112: -0.36498607 | CP112: -0.36058958 | CQ112: -0.03 | CR112: -0.03 | CS112: -0.05 | CT112: -0.05 | CU112: -0.04 | CV112: -0.04 | CW112: -0.03 | CX112: -0.08 | CY112: -0.07 | CZ112: -0.06 | DA112: -0.05 | DB112: -0.01 | DC112: -0.01 | DD112: 0 | DE112: -0.01 | DF112: -0.02 | DG112: -0.04 | DH112: -0.05 | DI112: -0.06 | DJ112: -0.08 | DK112: -0.04 | DL112: -0.01 | DM112: -0.01 | DN112: -0.01 | DO112: -0.01 | DP112: -0.11 | DQ112: -0.13 | DR112: -0.14 | DS112: -0.14 | DT112: -0.14 | DU112: -0.15 | DV112: -0.15 | DW112: -0.14 | DX112: -0.17 | DY112: -0.18 | DZ112: -0.2 | EA112: -0.2 | EB112: -0.11131 | EC112: -0.11414 | ED112: -0.11549 | EE112: -0.1185 | EF112: -0.11581
A113: 36160 | B113: NaN | C113: NaN | D113: NaN | E113: NaN | F113: NaN | G113: NaN | H113: NaN | I113: NaN | J113: NaN | K113: NaN | L113: NaN | M113: NaN | N113: NaN | O113: NaN | P113: NaN | Q113: NaN | R113: NaN | S113: NaN | T113: NaN | U113: NaN | V113: NaN | W113: NaN | X113: NaN | Y113: NaN | Z113: NaN | AA113: NaN | AB113: NaN | AC113: NaN | AD113: NaN | AE113: NaN | AF113: NaN | AG113: NaN | AH113: NaN | AI113: NaN | AJ113: NaN | AK113: NaN | AL113: NaN | AM113: NaN | AN113: NaN | AO113: NaN | AP113: NaN | AQ113: NaN | AR113: NaN | AS113: -0.34997344 | AT113: 0.15874567 | AU113: 0.24187443 | AV113: 0.092289694 | AW113: 0.11151287 | AX113: 0.041132478 | AY113: 0.016959771 | AZ113: 0.013513095 | BA113: 0.0010844039 | BB113: 0.056695984 | BC113: -0.010491706 | BD113: 0.0040826159 | BE113: 0.038434999 | BF113: -0.025388354 | BG113: -0.028046435 | BH113: 0.072370624 | BI113: -0.098607288 | BJ113: -0.040028252 | BK113: -0.10156967 | BL113: -0.0091662809 | BM113: -0.081384082 | BN113: -0.071082782 | BO113: -0.025430473 | BP113: -0.011122282 | BQ113: 0.0054201269 | BR113: 0.022344564 | BS113: 0.014180575 | BT113: 0.00039428568 | BU113: 0.070438759 | BV113: 0.020258297 | BW113: 0.037427558 | BX113: 0.006295218 | BY113: 0.016028769 | BZ113: 0.015725706 | CA113: 0.016484535 | CB113: 0.040655181 | CC113: -0.028745372 | CD113: 0.0067584904 | CE113: -0.027445017 | CF113: -0.071433472 | CG113: -0.088831885 | CH113: -0.14952832 | CI113: -0.17502325 | CJ113: -0.1743173 | CK113: -0.093178911 | CL113: -0.19185258 | CM113: -0.18484594 | CN113: -0.10547994 | CO113: -0.074044129 | CP113: -0.071363996 | CQ113: -0.22 | CR113: -0.2 | CS113: -0.22 | CT113: -0.21 | CU113: -0.21 | CV113: -0.21 | CW113: -0.21 | CX113: -0.25 | CY113: -0.24 | CZ113: -0.24 | DA113: -0.23 | DB113: -0.18 | DC113: -0.18 | DD113: -0.18 | DE113: -0.18 | DF113: -0.18 | DG113: -0.17 | DH113: -0.18 | DI113: -0.19 | DJ113: -0.2 | DK113: -0.17 | DL113: -0.15 | DM113: -0.15 | DN113: -0.15 | DO113: -0.15 | DP113: -0.21 | DQ113: -0.22 | DR113: -0.23 | DS113: -0.23 | DT113: -0.24 | DU113: -0.24 | DV113: -0.24 | DW113: -0.23 | DX113: -0.25 | DY113: -0.26 | DZ113: -0.27 | EA113: -0.27 | EB113: -0.20588 | EC113: -0.20608 | ED113: -0.20544 | EE113: -0.20456 | EF113: -0.20237
A114: 36250 | B114: NaN | C114: NaN | D114: NaN | E114: NaN | F114: NaN | G114: NaN | H114: NaN | I114: NaN | J114: NaN | K114: NaN | L114: NaN | M114: NaN | N114: NaN | O114: NaN | P114: NaN | Q114: NaN | R114: NaN | S114: NaN | T114: NaN | U114: NaN | V114: NaN | W114: NaN | X114: NaN | Y114: NaN | Z114: NaN | AA114: NaN | AB114: NaN | AC114: NaN | AD114: NaN | AE114: NaN | AF114: NaN | AG114: NaN | AH114: NaN | AI114: NaN | AJ114: NaN | AK114: NaN | AL114: NaN | AM114: NaN | AN114: NaN | AO114: NaN | AP114: NaN | AQ114: NaN | AR114: NaN | AS114: NaN | AT114: -0.049754991 | AU114: -0.16948477 | AV114: -0.11360154 | AW114: -0.17982783 | AX114: -0.15794631 | AY114: -0.18556085 | AZ114: -0.19731043 | BA114: -0.20753809 | BB114: -0.24842594 | BC114: -0.24105423 | BD114: -0.31410327 | BE114: -0.36446337 | BF114: -0.32533609 | BG114: -0.33065036 | BH114: -0.40664665 | BI114: -0.27640206 | BJ114: -0.34121509 | BK114: -0.28233634 | BL114: -0.32624719 | BM114: -0.26881852 | BN114: -0.26353113 | BO114: -0.2483812 | BP114: -0.23956367 | BQ114: -0.23174904 | BR114: -0.25639783 | BS114: -0.22598896 | BT114: -0.23653873 | BU114: -0.26053208 | BV114: -0.22850973 | BW114: -0.26245794 | BX114: -0.22410806 | BY114: -0.24086191 | BZ114: -0.21815798 | CA114: -0.22006154 | CB114: -0.2524718 | CC114: -0.24665762 | CD114: -0.28172688 | CE114: -0.33370658 | CF114: -0.36732104 | CG114: -0.39926607 | CH114: -0.44876502 | CI114: -0.46643775 | CJ114: -0.46359413 | CK114: -0.39286284 | CL114: -0.4748542 | CM114: -0.46918954 | CN114: -0.38786907 | CO114: -0.38556823 | CP114: -0.38202217 | CQ114: -0.45 | CR114: -0.45 | CS114: -0.46 | CT114: -0.46 | CU114: -0.46 | CV114: -0.45 | CW114: -0.45 | CX114: -0.47 | CY114: -0.47 | CZ114: -0.46 | DA114: -0.46 | DB114: -0.44 | DC114: -0.43 | DD114: -0.43 | DE114: -0.43 | DF114: -0.43 | DG114: -0.42 | DH114: -0.42 | DI114: -0.43 | DJ114: -0.43 | DK114: -0.42 | DL114: -0.4 | DM114: -0.4 | DN114: -0.4 | DO114: -0.4 | DP114: -0.45 | DQ114: -0.44 | DR114: -0.44 | DS114: -0.44 | DT114: -0.44 | DU114: -0.44 | DV114: -0.43 | DW114: -0.43 | DX114: -0.44 | DY114: -0.44 | DZ114: -0.45 | EA114: -0.45 | EB114: -0.44958 | EC114: -0.4476 | ED114: -0.4456 | EE114: -0.44075 | EF114: -0.439
A115: 36341 | B115: NaN | C115: NaN | D115: NaN | E115: NaN | F115: NaN | G115: NaN | H115: NaN | I115: NaN | J115: NaN | K115: NaN | L115: NaN | M115: NaN | N115: NaN | O115: NaN | P115: NaN | Q115: NaN | R115: NaN | S115: NaN | T115: NaN | U115: NaN | V115: NaN | W115: NaN | X115: NaN | Y115: NaN | Z115: NaN | AA115: NaN | AB115: NaN | AC115: NaN | AD115: NaN | AE115: NaN | AF115: NaN | AG115: NaN | AH115: NaN | AI115: NaN | AJ115: NaN | AK115: NaN | AL115: NaN | AM115: NaN | AN115: NaN | AO115: NaN | AP115: NaN | AQ115: NaN | AR115: NaN | AS115: NaN | AT115: NaN | AU115: -0.17879739 | AV115: -0.062013565 | AW115: -0.1346713 | AX115: -0.11039417 | AY115: -0.15343543 | AZ115: -0.17346292 | BA115: -0.19503204 | BB115: -0.23200982 | BC115: -0.23627913 | BD115: -0.29550239 | BE115: -0.3592208 | BF115: -0.32122665 | BG115: -0.32939278 | BH115: -0.42383404 | BI115: -0.285917 | BJ115: -0.33831952 | BK115: -0.29629442 | BL115: -0.3266565 | BM115: -0.28047151 | BN115: -0.27306595 | BO115: -0.24715954 | BP115: -0.22742473 | BQ115: -0.22736687 | BR115: -0.26536627 | BS115: -0.20874341 | BT115: -0.23200935 | BU115: -0.27081888 | BV115: -0.22829101 | BW115: -0.26898692 | BX115: -0.21000913 | BY115: -0.24935998 | BZ115: -0.20705298 | CA115: -0.20923462 | CB115: -0.25796673 | CC115: -0.26152163 | CD115: -0.29488169 | CE115: -0.32379074 | CF115: -0.35164332 | CG115: -0.37771258 | CH115: -0.41221661 | CI115: -0.42964556 | CJ115: -0.43250305 | CK115: -0.39558899 | CL115: -0.43833513 | CM115: -0.43210146 | CN115: -0.38845812 | CO115: -0.38632022 | CP115: -0.38203107 | CQ115: -0.37 | CR115: -0.38 | CS115: -0.39 | CT115: -0.39 | CU115: -0.38 | CV115: -0.38 | CW115: -0.37 | CX115: -0.39 | CY115: -0.38 | CZ115: -0.38 | DA115: -0.37 | DB115: -0.36 | DC115: -0.35 | DD115: -0.35 | DE115: -0.35 | DF115: -0.35 | DG115: -0.35 | DH115: -0.36 | DI115: -0.36 | DJ115: -0.36 | DK115: -0.35 | DL115: -0.34 | DM115: -0.33 | DN115: -0.33 | DO115: -0.33 | DP115: -0.38 | DQ115: -0.39 | DR115: -0.39 | DS115: -0.39 | DT115: -0.39 | DU115: -0.39 | DV115: -0.39 | DW115: -0.39 | DX115: -0.4 | DY115: -0.4 | DZ115: -0.4 | EA115: -0.41 | EB115: -0.38142 | EC115: -0.38054 | ED115: -0.37898 | EE115: -0.37816 | EF115: -0.37645
A116: 36433 | B116: NaN | C116: NaN | D116: NaN | E116: NaN | F116: NaN | G116: NaN | H116: NaN | I116: NaN | J116: NaN | K116: NaN | L116: NaN | M116: NaN | N116: NaN | O116: NaN | P116: NaN | Q116: NaN | R116: NaN | S116: NaN | T116: NaN | U116: NaN | V116: NaN | W116: NaN | X116: NaN | Y116: NaN | Z116: NaN | AA116: NaN | AB116: NaN | AC116: NaN | AD116: NaN | AE116: NaN | AF116: NaN | AG116: NaN | AH116: NaN | AI116: NaN | AJ116: NaN | AK116: NaN | AL116: NaN | AM116: NaN | AN116: NaN | AO116: NaN | AP116: NaN | AQ116: NaN | AR116: NaN | AS116: NaN | AT116: NaN | AU116: NaN | AV116: 0.19690755 | AW116: 0.062990619 | AX116: 0.13102792 | AY116: 0.10093726 | AZ116: 0.088303176 | BA116: 0.059783992 | BB116: -0.023009516 | BC116: 0.0031451196 | BD116: -0.098594 | BE116: -0.17074229 | BF116: -0.14666766 | BG116: -0.14099639 | BH116: -0.19910343 | BI116: -0.027177028 | BJ116: -0.14965354 | BK116: -0.041537507 | BL116: -0.12120656 | BM116: -0.024488266 | BN116: -0.011699209 | BO116: 0.0091348079 | BP116: 0.028133862 | BQ116: 0.023475991 | BR116: -0.049319752 | BS116: 0.04326348 | BT116: 0.01276616 | BU116: -0.045362615 | BV116: 0.01772392 | BW116: -0.061805644 | BX116: 0.048779162 | BY116: -0.052364395 | BZ116: 0.040670522 | CA116: 0.036376565 | CB116: -0.050764581 | CC116: 0.014656142 | CD116: -0.089943828 | CE116: -0.088424811 | CF116: -0.14595073 | CG116: -0.17319415 | CH116: -0.2422692 | CI116: -0.27223106 | CJ116: -0.28894895 | CK116: -0.29669206 | CL116: -0.29221912 | CM116: -0.27992189 | CN116: -0.29669475 | CO116: -0.28213712 | CP116: -0.27851407 | CQ116: -0.17 | CR116: -0.15 | CS116: -0.18 | CT116: -0.17 | CU116: -0.17 | CV116: -0.17 | CW116: -0.16 | CX116: -0.2 | CY116: -0.19 | CZ116: -0.18 | DA116: -0.18 | DB116: -0.14 | DC116: -0.14 | DD116: -0.14 | DE116: -0.14 | DF116: -0.14 | DG116: -0.13 | DH116: -0.14 | DI116: -0.15 | DJ116: -0.16 | DK116: -0.13 | DL116: -0.11 | DM116: -0.1 | DN116: -0.11 | DO116: -0.1 | DP116: -0.17 | DQ116: -0.19 | DR116: -0.2 | DS116: -0.21 | DT116: -0.21 | DU116: -0.21 | DV116: -0.21 | DW116: -0.21 | DX116: -0.23 | DY116: -0.23 | DZ116: -0.24 | EA116: -0.24 | EB116: -0.16716 | EC116: -0.16721 | ED116: -0.16622 | EE116: -0.16868 | EF116: -0.16635
A117: 36525 | B117: NaN | C117: NaN | D117: NaN | E117: NaN | F117: NaN | G117: NaN | H117: NaN | I117: NaN | J117: NaN | K117: NaN | L117: NaN | M117: NaN | N117: NaN | O117: NaN | P117: NaN | Q117: NaN | R117: NaN | S117: NaN | T117: NaN | U117: NaN | V117: NaN | W117: NaN | X117: NaN | Y117: NaN | Z117: NaN | AA117: NaN | AB117: NaN | AC117: NaN | AD117: NaN | AE117: NaN | AF117: NaN | AG117: NaN | AH117: NaN | AI117: NaN | AJ117: NaN | AK117: NaN | AL117: NaN | AM117: NaN | AN117: NaN | AO117: NaN | AP117: NaN | AQ117: NaN | AR117: NaN | AS117: NaN | AT117: NaN | AU117: NaN | AV117: NaN | AW117: 0.14003986 | AX117: 0.037189854 | AY117: 0.011712479 | AZ117: -0.028917183 | BA117: -0.072070047 | BB117: -0.095239234 | BC117: -0.11489084 | BD117: -0.16145776 | BE117: -0.1970701 | BF117: -0.20807848 | BG117: -0.20851945 | BH117: -0.19498109 | BI117: -0.13913248 | BJ117: -0.21913783 | BK117: -0.13382641 | BL117: -0.18556814 | BM117: -0.12469604 | BN117: -0.11963636 | BO117: -0.11746661 | BP117: -0.11622426 | BQ117: -0.11003767 | BR117: -0.12647437 | BS117: -0.11287174 | BT117: -0.11818446 | BU117: -0.10512734 | BV117: -0.10449384 | BW117: -0.12997062 | BX117: -0.10377278 | BY117: -0.130417 | BZ117: -0.099857324 | CA117: -0.10144679 | CB117: -0.11342218 | CC117: -0.081424384 | CD117: -0.11461827 | CE117: -0.13888839 | CF117: -0.18432582 | CG117: -0.19033421 | CH117: -0.26388809 | CI117: -0.30589047 | CJ117: -0.3144822 | CK117: -0.26968166 | CL117: -0.3230322 | CM117: -0.30503319 | CN117: -0.27027915 | CO117: -0.24629842 | CP117: -0.24050841 | CQ117: -0.17 | CR117: -0.16 | CS117: -0.18 | CT117: -0.17 | CU117: -0.17 | CV117: -0.17 | CW117: -0.16 | CX117: -0.24 | CY117: -0.23 | CZ117: -0.22 | DA117: -0.22 | DB117: -0.2 | DC117: -0.2 | DD117: -0.19 | DE117: -0.2 | DF117: -0.2 | DG117: -0.2 | DH117: -0.21 | DI117: -0.22 | DJ117: -0.23 | DK117: -0.2 | DL117: -0.18 | DM117: -0.18 | DN117: -0.18 | DO117: -0.18 | DP117: -0.25 | DQ117: -0.28 | DR117: -0.29 | DS117: -0.3 | DT117: -0.3 | DU117: -0.31 | DV117: -0.31 | DW117: -0.3 | DX117: -0.33 | DY117: -0.33 | DZ117: -0.33 | EA117: -0.33 | EB117: -0.23908 | EC117: -0.23844 | ED117: -0.23727 | EE117: -0.23699 | EF117: -0.23488
A118: 36616 | B118: NaN | C118: NaN | D118: NaN | E118: NaN | F118: NaN | G118: NaN | H118: NaN | I118: NaN | J118: NaN | K118: NaN | L118: NaN | M118: NaN | N118: NaN | O118: NaN | P118: NaN | Q118: NaN | R118: NaN | S118: NaN | T118: NaN | U118: NaN | V118: NaN | W118: NaN | X118: NaN | Y118: NaN | Z118: NaN | AA118: NaN | AB118: NaN | AC118: NaN | AD118: NaN | AE118: NaN | AF118: NaN | AG118: NaN | AH118: NaN | AI118: NaN | AJ118: NaN | AK118: NaN | AL118: NaN | AM118: NaN | AN118: NaN | AO118: NaN | AP118: NaN | AQ118: NaN | AR118: NaN | AS118: NaN | AT118: NaN | AU118: NaN | AV118: NaN | AW118: NaN | AX118: 0.25839501 | AY118: 0.23721792 | AZ118: 0.23289461 | BA118: 0.21007187 | BB118: 0.091476798 | BC118: 0.17023266 | BD118: 0.027093722 | BE118: -0.050029988 | BF118: -0.015670746 | BG118: -0.0027050992 | BH118: -0.070781855 | BI118: 0.1700488 | BJ118: -0.0030505257 | BK118: 0.15691889 | BL118: 0.04485354 | BM118: 0.183074 | BN118: 0.19551945 | BO118: 0.23650946 | BP118: 0.27847175 | BQ118: 0.27636381 | BR118: 0.14966305 | BS118: 0.29781468 | BT118: 0.23153316 | BU118: 0.13365187 | BV118: 0.23043774 | BW118: 0.10380599 | BX118: 0.27844143 | BY118: 0.12357561 | BZ118: 0.2613404 | CA118: 0.25326567 | CB118: 0.10551548 | CC118: 0.19365895 | CD118: 0.021905312 | CE118: -0.035830565 | CF118: -0.11668067 | CG118: -0.175394 | CH118: -0.27523758 | CI118: -0.3057547 | CJ118: -0.3125414 | CK118: -0.28937824 | CL118: -0.32463161 | CM118: -0.31566232 | CN118: -0.29407727 | CO118: -0.28144173 | CP118: -0.27807145 | CQ118: -0.15 | CR118: -0.16 | CS118: -0.18 | CT118: -0.18 | CU118: -0.18 | CV118: -0.16 | CW118: -0.15 | CX118: -0.2 | CY118: -0.19 | CZ118: -0.19 | DA118: -0.18 | DB118: -0.15 | DC118: -0.15 | DD118: -0.14 | DE118: -0.14 | DF118: -0.15 | DG118: -0.15 | DH118: -0.16 | DI118: -0.16 | DJ118: -0.17 | DK118: -0.15 | DL118: -0.13 | DM118: -0.13 | DN118: -0.13 | DO118: -0.12 | DP118: -0.2 | DQ118: -0.19 | DR118: -0.2 | DS118: -0.2 | DT118: -0.2 | DU118: -0.2 | DV118: -0.2 | DW118: -0.19 | DX118: -0.22 | DY118: -0.22 | DZ118: -0.22 | EA118: -0.22 | EB118: -0.1393 | EC118: -0.13938 | ED118: -0.13798 | EE118: -0.1376 | EF118: -0.13549
A119: 36707 | B119: NaN | C119: NaN | D119: NaN | E119: NaN | F119: NaN | G119: NaN | H119: NaN | I119: NaN | J119: NaN | K119: NaN | L119: NaN | M119: NaN | N119: NaN | O119: NaN | P119: NaN | Q119: NaN | R119: NaN | S119: NaN | T119: NaN | U119: NaN | V119: NaN | W119: NaN | X119: NaN | Y119: NaN | Z119: NaN | AA119: NaN | AB119: NaN | AC119: NaN | AD119: NaN | AE119: NaN | AF119: NaN | AG119: NaN | AH119: NaN | AI119: NaN | AJ119: NaN | AK119: NaN | AL119: NaN | AM119: NaN | AN119: NaN | AO119: NaN | AP119: NaN | AQ119: NaN | AR119: NaN | AS119: NaN | AT119: NaN | AU119: NaN | AV119: NaN | AW119: NaN | AX119: NaN | AY119: 0.4125169 | AZ119: 0.43881513 | BA119: 0.43042297 | BB119: 0.32891975 | BC119: 0.41224414 | BD119: 0.27788539 | BE119: 0.17906339 | BF119: 0.19465698 | BG119: 0.21060526 | BH119: 0.17716232 | BI119: 0.4230802 | BJ119: 0.21645375 | BK119: 0.41494824 | BL119: 0.29146744 | BM119: 0.43414889 | BN119: 0.45425577 | BO119: 0.4686772 | BP119: 0.49182062 | BQ119: 0.49050335 | BR119: 0.38393358 | BS119: 0.50108906 | BT119: 0.44989526 | BU119: 0.38565262 | BV119: 0.45352661 | BW119: 0.33478665 | BX119: 0.49654815 | BY119: 0.33312736 | BZ119: 0.47728388 | CA119: 0.47191494 | CB119: 0.34208448 | CC119: 0.4830199 | CD119: 0.26706957 | CE119: 0.20956493 | CF119: 0.086689263 | CG119: 0.028230741 | CH119: -0.12649606 | CI119: -0.17499252 | CJ119: -0.18987803 | CK119: -0.1390416 | CL119: -0.21243627 | CM119: -0.19516245 | CN119: -0.15243613 | CO119: -0.12185198 | CP119: -0.11737423 | CQ119: 0.01 | CR119: 0.03 | CS119: -0.01 | CT119: 0 | CU119: 0 | CV119: 0.01 | CW119: 0.01 | CX119: -0.11 | CY119: -0.1 | CZ119: -0.09 | DA119: -0.09 | DB119: -0.04 | DC119: -0.04 | DD119: -0.04 | DE119: -0.05 | DF119: -0.05 | DG119: -0.06 | DH119: -0.07 | DI119: -0.08 | DJ119: -0.1 | DK119: -0.05 | DL119: -0.02 | DM119: -0.02 | DN119: -0.02 | DO119: -0.02 | DP119: -0.14 | DQ119: -0.17 | DR119: -0.18 | DS119: -0.18 | DT119: -0.18 | DU119: -0.19 | DV119: -0.18 | DW119: -0.18 | DX119: -0.21 | DY119: -0.21 | DZ119: -0.22 | EA119: -0.21 | EB119: -0.06026 | EC119: -0.06072 | ED119: -0.06025 | EE119: -0.06357 | EF119: -0.0611
A120: 36799 | B120: NaN | C120: NaN | D120: NaN | E120: NaN | F120: NaN | G120: NaN | H120: NaN | I120: NaN | J120: NaN | K120: NaN | L120: NaN | M120: NaN | N120: NaN | O120: NaN | P120: NaN | Q120: NaN | R120: NaN | S120: NaN | T120: NaN | U120: NaN | V120: NaN | W120: NaN | X120: NaN | Y120: NaN | Z120: NaN | AA120: NaN | AB120: NaN | AC120: NaN | AD120: NaN | AE120: NaN | AF120: NaN | AG120: NaN | AH120: NaN | AI120: NaN | AJ120: NaN | AK120: NaN | AL120: NaN | AM120: NaN | AN120: NaN | AO120: NaN | AP120: NaN | AQ120: NaN | AR120: NaN | AS120: NaN | AT120: NaN | AU120: NaN | AV120: NaN | AW120: NaN | AX120: NaN | AY120: NaN | AZ120: 0.24048682 | BA120: 0.28844136 | BB120: 0.23237669 | BC120: 0.28378285 | BD120: 0.20131781 | BE120: 0.15037924 | BF120: 0.13994366 | BG120: 0.1491938 | BH120: 0.15547064 | BI120: 0.26856367 | BJ120: 0.14594869 | BK120: 0.25925043 | BL120: 0.20466767 | BM120: 0.28477947 | BN120: 0.29984144 | BO120: 0.33735311 | BP120: 0.36912039 | BQ120: 0.37692076 | BR120: 0.28324179 | BS120: 0.38797259 | BT120: 0.33135504 | BU120: 0.29279125 | BV120: 0.3349487 | BW120: 0.24490252 | BX120: 0.37190887 | BY120: 0.24510956 | BZ120: 0.35571597 | CA120: 0.3489434 | CB120: 0.24589142 | CC120: 0.31294124 | CD120: 0.16463679 | CE120: 0.078175605 | CF120: -0.027709618 | CG120: -0.080927435 | CH120: -0.20876462 | CI120: -0.25148736 | CJ120: -0.25564177 | CK120: -0.15991236 | CL120: -0.28083419 | CM120: -0.27455477 | CN120: -0.16988499 | CO120: -0.14673553 | CP120: -0.14372604 | CQ120: -0.12 | CR120: -0.11 | CS120: -0.15 | CT120: -0.15 | CU120: -0.14 | CV120: -0.13 | CW120: -0.12 | CX120: -0.24 | CY120: -0.23 | CZ120: -0.23 | DA120: -0.22 | DB120: -0.18 | DC120: -0.18 | DD120: -0.18 | DE120: -0.19 | DF120: -0.19 | DG120: -0.19 | DH120: -0.2 | DI120: -0.21 | DJ120: -0.22 | DK120: -0.19 | DL120: -0.16 | DM120: -0.16 | DN120: -0.16 | DO120: -0.16 | DP120: -0.27 | DQ120: -0.27 | DR120: -0.27 | DS120: -0.27 | DT120: -0.27 | DU120: -0.27 | DV120: -0.27 | DW120: -0.27 | DX120: -0.29 | DY120: -0.29 | DZ120: -0.3 | EA120: -0.29 | EB120: -0.19797 | EC120: -0.19819 | ED120: -0.19763 | EE120: -0.19634 | EF120: -0.19458
A121: 36891 | B121: NaN | C121: NaN | D121: NaN | E121: NaN | F121: NaN | G121: NaN | H121: NaN | I121: NaN | J121: NaN | K121: NaN | L121: NaN | M121: NaN | N121: NaN | O121: NaN | P121: NaN | Q121: NaN | R121: NaN | S121: NaN | T121: NaN | U121: NaN | V121: NaN | W121: NaN | X121: NaN | Y121: NaN | Z121: NaN | AA121: NaN | AB121: NaN | AC121: NaN | AD121: NaN | AE121: NaN | AF121: NaN | AG121: NaN | AH121: NaN | AI121: NaN | AJ121: NaN | AK121: NaN | AL121: NaN | AM121: NaN | AN121: NaN | AO121: NaN | AP121: NaN | AQ121: NaN | AR121: NaN | AS121: NaN | AT121: NaN | AU121: NaN | AV121: NaN | AW121: NaN | AX121: NaN | AY121: NaN | AZ121: NaN | BA121: 0.23104696 | BB121: 0.36614108 | BC121: 0.30858176 | BD121: 0.46571928 | BE121: 0.57935493 | BF121: 0.38690618 | BG121: 0.39245873 | BH121: 0.65474041 | BI121: 0.25266992 | BJ121: 0.37347599 | BK121: 0.26615603 | BL121: 0.42303505 | BM121: 0.2830587 | BN121: 0.29948899 | BO121: 0.32613519 | BP121: 0.33526763 | BQ121: 0.35901476 | BR121: 0.38794042 | BS121: 0.36062572 | BT121: 0.35077877 | BU121: 0.52261909 | BV121: 0.37358967 | BW121: 0.43277352 | BX121: 0.36578639 | BY121: 0.34308196 | BZ121: 0.36934619 | CA121: 0.36927155 | CB121: 0.42734329 | CC121: 0.34817633 | CD121: 0.30300303 | CE121: 0.23257082 | CF121: 0.12843675 | CG121: 0.041888385 | CH121: -0.077035228 | CI121: -0.11886771 | CJ121: -0.13096122 | CK121: -0.049184965 | CL121: -0.1646939 | CM121: -0.15653442 | CN121: -0.077350572 | CO121: -0.037392748 | CP121: -0.032918673 | CQ121: 0.11 | CR121: 0.11 | CS121: 0.08 | CT121: 0.09 | CU121: 0.09 | CV121: 0.11 | CW121: 0.12 | CX121: -0.07 | CY121: -0.06 | CZ121: -0.06 | DA121: -0.05 | DB121: 0 | DC121: 0 | DD121: 0 | DE121: -0.01 | DF121: -0.02 | DG121: -0.03 | DH121: -0.05 | DI121: -0.06 | DJ121: -0.08 | DK121: -0.03 | DL121: 0 | DM121: 0 | DN121: -0.01 | DO121: -0.01 | DP121: -0.17 | DQ121: -0.13 | DR121: -0.14 | DS121: -0.14 | DT121: -0.14 | DU121: -0.14 | DV121: -0.14 | DW121: -0.14 | DX121: -0.17 | DY121: -0.17 | DZ121: -0.18 | EA121: -0.18 | EB121: -0.08194 | EC121: -0.08342 | ED121: -0.0837 | EE121: -0.08322 | EF121: -0.0804
A122: 36981 | B122: NaN | C122: NaN | D122: NaN | E122: NaN | F122: NaN | G122: NaN | H122: NaN | I122: NaN | J122: NaN | K122: NaN | L122: NaN | M122: NaN | N122: NaN | O122: NaN | P122: NaN | Q122: NaN | R122: NaN | S122: NaN | T122: NaN | U122: NaN | V122: NaN | W122: NaN | X122: NaN | Y122: NaN | Z122: NaN | AA122: NaN | AB122: NaN | AC122: NaN | AD122: NaN | AE122: NaN | AF122: NaN | AG122: NaN | AH122: NaN | AI122: NaN | AJ122: NaN | AK122: NaN | AL122: NaN | AM122: NaN | AN122: NaN | AO122: NaN | AP122: NaN | AQ122: NaN | AR122: NaN | AS122: NaN | AT122: NaN | AU122: NaN | AV122: NaN | AW122: NaN | AX122: NaN | AY122: NaN | AZ122: NaN | BA122: NaN | BB122: 0.13353375 | BC122: 0.17306527 | BD122: 0.32101256 | BE122: 0.3716078 | BF122: 0.24565395 | BG122: 0.23750903 | BH122: 0.39191212 | BI122: 0.050539542 | BJ122: 0.19445469 | BK122: 0.049326911 | BL122: 0.22465239 | BM122: 0.073149141 | BN122: 0.085253485 | BO122: 0.13615865 | BP122: 0.15503085 | BQ122: 0.19067148 | BR122: 0.21746348 | BS122: 0.19011928 | BT122: 0.17291992 | BU122: 0.30579577 | BV122: 0.19210416 | BW122: 0.2485581 | BX122: 0.18629307 | BY122: 0.19598792 | BZ122: 0.19169413 | CA122: 0.19396902 | CB122: 0.24594567 | CC122: 0.09661823 | CD122: 0.11236574 | CE122: 0.00095901649 | CF122: -0.064317207 | CG122: -0.12360992 | CH122: -0.21716363 | CI122: -0.23720812 | CJ122: -0.22057345 | CK122: -0.046284159 | CL122: -0.25504471 | CM122: -0.24983396 | CN122: -0.070362273 | CO122: -0.033718014 | CP122: -0.029167233 | CQ122: -0.1 | CR122: -0.1 | CS122: -0.13 | CT122: -0.13 | CU122: -0.13 | CV122: -0.1 | CW122: -0.1 | CX122: -0.23 | CY122: -0.22 | CZ122: -0.22 | DA122: -0.21 | DB122: -0.18 | DC122: -0.17 | DD122: -0.17 | DE122: -0.17 | DF122: -0.18 | DG122: -0.19 | DH122: -0.2 | DI122: -0.21 | DJ122: -0.22 | DK122: -0.19 | DL122: -0.16 | DM122: -0.16 | DN122: -0.16 | DO122: -0.16 | DP122: -0.25 | DQ122: -0.24 | DR122: -0.24 | DS122: -0.24 | DT122: -0.23 | DU122: -0.23 | DV122: -0.23 | DW122: -0.23 | DX122: -0.26 | DY122: -0.26 | DZ122: -0.27 | EA122: -0.27 | EB122: -0.23537 | EC122: -0.23814 | ED122: -0.23832 | EE122: -0.23685 | EF122: -0.23441
A123: 37072 | B123: NaN | C123: NaN | D123: NaN | E123: NaN | F123: NaN | G123: NaN | H123: NaN | I123: NaN | J123: NaN | K123: NaN | L123: NaN | M123: NaN | N123: NaN | O123: NaN | P123: NaN | Q123: NaN | R123: NaN | S123: NaN | T123: NaN | U123: NaN | V123: NaN | W123: NaN | X123: NaN | Y123: NaN | Z123: NaN | AA123: NaN | AB123: NaN | AC123: NaN | AD123: NaN | AE123: NaN | AF123: NaN | AG123: NaN | AH123: NaN | AI123: NaN | AJ123: NaN | AK123: NaN | AL123: NaN | AM123: NaN | AN123: NaN | AO123: NaN | AP123: NaN | AQ123: NaN | AR123: NaN | AS123: NaN | AT123: NaN | AU123: NaN | AV123: NaN | AW123: NaN | AX123: NaN | AY123: NaN | AZ123: NaN | BA123: NaN | BB123: NaN | BC123: -0.074399318 | BD123: 0.033193083 | BE123: -0.006594479 | BF123: -0.023387212 | BG123: -0.032104644 | BH123: 0.020019044 | BI123: -0.085812105 | BJ123: -0.059621383 | BK123: -0.084190257 | BL123: -0.030743206 | BM123: -0.073659075 | BN123: -0.065182045 | BO123: -0.04521774 | BP123: -0.042922775 | BQ123: -0.018196894 | BR123: 0.013350758 | BS123: -0.018729975 | BT123: -0.021802177 | BU123: 0.043724021 | BV123: -0.00096330262 | BW123: 0.024535228 | BX123: -0.013221394 | BY123: 0.0090494194 | BZ123: -0.0089758831 | CA123: -0.0029196259 | CB123: 0.033005327 | CC123: -0.048506938 | CD123: -0.076129191 | CE123: -0.20117108 | CF123: -0.24414848 | CG123: -0.33165205 | CH123: -0.39957611 | CI123: -0.40740033 | CJ123: -0.382591 | CK123: -0.20321106 | CL123: -0.41135721 | CM123: -0.41592179 | CN123: -0.2156382 | CO123: -0.19780511 | CP123: -0.19790171 | CQ123: -0.31 | CR123: -0.32 | CS123: -0.35 | CT123: -0.35 | CU123: -0.35 | CV123: -0.32 | CW123: -0.31 | CX123: -0.45 | CY123: -0.45 | CZ123: -0.44 | DA123: -0.44 | DB123: -0.42 | DC123: -0.41 | DD123: -0.41 | DE123: -0.41 | DF123: -0.41 | DG123: -0.41 | DH123: -0.41 | DI123: -0.41 | DJ123: -0.42 | DK123: -0.41 | DL123: -0.39 | DM123: -0.39 | DN123: -0.39 | DO123: -0.39 | DP123: -0.49 | DQ123: -0.46 | DR123: -0.43 | DS123: -0.42 | DT123: -0.42 | DU123: -0.41 | DV123: -0.41 | DW123: -0.41 | DX123: -0.42 | DY123: -0.42 | DZ123: -0.42 | EA123: -0.43 | EB123: -0.43134 | EC123: -0.43052 | ED123: -0.42916 | EE123: -0.42184 | EF123: -0.41987
A124: 37164 | B124: NaN | C124: NaN | D124: NaN | E124: NaN | F124: NaN | G124: NaN | H124: NaN | I124: NaN | J124: NaN | K124: NaN | L124: NaN | M124: NaN | N124: NaN | O124: NaN | P124: NaN | Q124: NaN | R124: NaN | S124: NaN | T124: NaN | U124: NaN | V124: NaN | W124: NaN | X124: NaN | Y124: NaN | Z124: NaN | AA124: NaN | AB124: NaN | AC124: NaN | AD124: NaN | AE124: NaN | AF124: NaN | AG124: NaN | AH124: NaN | AI124: NaN | AJ124: NaN | AK124: NaN | AL124: NaN | AM124: NaN | AN124: NaN | AO124: NaN | AP124: NaN | AQ124: NaN | AR124: NaN | AS124: NaN | AT124: NaN | AU124: NaN | AV124: NaN | AW124: NaN | AX124: NaN | AY124: NaN | AZ124: NaN | BA124: NaN | BB124: NaN | BC124: NaN | BD124: -0.073751543 | BE124: 0.22911073 | BF124: 0.092756488 | BG124: 0.084630231 | BH124: 0.30422593 | BI124: -0.13740505 | BJ124: 0.044366413 | BK124: -0.12388246 | BL124: 0.053472388 | BM124: -0.11433266 | BN124: -0.10790275 | BO124: -0.080376865 | BP124: -0.084632498 | BQ124: -0.052491844 | BR124: 0.04131273 | BS124: -0.054679146 | BT124: -0.035395186 | BU124: 0.14109843 | BV124: -0.0055757919 | BW124: 0.10184153 | BX124: -0.040835101 | BY124: 0.043520874 | BZ124: -0.026845529 | CA124: -0.01785708 | CB124: 0.08577097 | CC124: -0.084293457 | CD124: -0.046303784 | CE124: -0.15371175 | CF124: -0.19209211 | CG124: -0.23919691 | CH124: -0.27933848 | CI124: -0.28535057 | CJ124: -0.26796256 | CK124: -0.11173898 | CL124: -0.28725018 | CM124: -0.28263001 | CN124: -0.13409216 | CO124: -0.10165621 | CP124: -0.098207448 | CQ124: -0.19 | CR124: -0.22 | CS124: -0.23 | CT124: -0.23 | CU124: -0.23 | CV124: -0.18 | CW124: -0.18 | CX124: -0.25 | CY124: -0.24 | CZ124: -0.24 | DA124: -0.23 | DB124: -0.21 | DC124: -0.2 | DD124: -0.19 | DE124: -0.19 | DF124: -0.2 | DG124: -0.21 | DH124: -0.22 | DI124: -0.22 | DJ124: -0.23 | DK124: -0.21 | DL124: -0.19 | DM124: -0.19 | DN124: -0.19 | DO124: -0.19 | DP124: -0.3 | DQ124: -0.25 | DR124: -0.23 | DS124: -0.23 | DT124: -0.22 | DU124: -0.22 | DV124: -0.22 | DW124: -0.22 | DX124: -0.23 | DY124: -0.23 | DZ124: -0.25 | EA124: -0.25 | EB124: -0.26114 | EC124: -0.26351 | ED124: -0.26356 | EE124: -0.26152 | EF124: -0.25902
A125: 37256 | B125: NaN | C125: NaN | D125: NaN | E125: NaN | F125: NaN | G125: NaN | H125: NaN | I125: NaN | J125: NaN | K125: NaN | L125: NaN | M125: NaN | N125: NaN | O125: NaN | P125: NaN | Q125: NaN | R125: NaN | S125: NaN | T125: NaN | U125: NaN | V125: NaN | W125: NaN | X125: NaN | Y125: NaN | Z125: NaN | AA125: NaN | AB125: NaN | AC125: NaN | AD125: NaN | AE125: NaN | AF125: NaN | AG125: NaN | AH125: NaN | AI125: NaN | AJ125: NaN | AK125: NaN | AL125: NaN | AM125: NaN | AN125: NaN | AO125: NaN | AP125: NaN | AQ125: NaN | AR125: NaN | AS125: NaN | AT125: NaN | AU125: NaN | AV125: NaN | AW125: NaN | AX125: NaN | AY125: NaN | AZ125: NaN | BA125: NaN | BB125: NaN | BC125: NaN | BD125: NaN | BE125: -0.078891415 | BF125: 0.035878058 | BG125: 0.0031688635 | BH125: 0.10237534 | BI125: -0.24763082 | BJ125: -0.016643325 | BK125: -0.22339016 | BL125: 0.0039165357 | BM125: -0.20501093 | BN125: -0.20875937 | BO125: -0.15337437 | BP125: -0.14374919 | BQ125: -0.10004797 | BR125: 0.0038795207 | BS125: -0.10259745 | BT125: -0.096682937 | BU125: 0.091314718 | BV125: -0.063067053 | BW125: 0.065224352 | BX125: -0.10061569 | BY125: 0.016250063 | BZ125: -0.075281932 | CA125: -0.066610497 | CB125: 0.046305599 | CC125: -0.19493849 | CD125: -0.080460107 | CE125: -0.19638014 | CF125: -0.21034962 | CG125: -0.2703611 | CH125: -0.29129798 | CI125: -0.29039983 | CJ125: -0.25917363 | CK125: -0.061444936 | CL125: -0.28261854 | CM125: -0.27826276 | CN125: -0.083319566 | CO125: -0.045171489 | CP125: -0.041459368 | CQ125: -0.21 | CR125: -0.23 | CS125: -0.25 | CT125: -0.25 | CU125: -0.25 | CV125: -0.22 | CW125: -0.21 | CX125: -0.32 | CY125: -0.31 | CZ125: -0.31 | DA125: -0.3 | DB125: -0.29 | DC125: -0.28 | DD125: -0.27 | DE125: -0.27 | DF125: -0.27 | DG125: -0.27 | DH125: -0.27 | DI125: -0.28 | DJ125: -0.28 | DK125: -0.27 | DL125: -0.26 | DM125: -0.26 | DN125: -0.25 | DO125: -0.25 | DP125: -0.35 | DQ125: -0.31 | DR125: -0.28 | DS125: -0.28 | DT125: -0.28 | DU125: -0.28 | DV125: -0.27 | DW125: -0.27 | DX125: -0.29 | DY125: -0.29 | DZ125: -0.3 | EA125: -0.3 | EB125: -0.33312 | EC125: -0.33378 | ED125: -0.3324 | EE125: -0.32656 | EF125: -0.32377
A126: 37346 | B126: NaN | C126: NaN | D126: NaN | E126: NaN | F126: NaN | G126: NaN | H126: NaN | I126: NaN | J126: NaN | K126: NaN | L126: NaN | M126: NaN | N126: NaN | O126: NaN | P126: NaN | Q126: NaN | R126: NaN | S126: NaN | T126: NaN | U126: NaN | V126: NaN | W126: NaN | X126: NaN | Y126: NaN | Z126: NaN | AA126: NaN | AB126: NaN | AC126: NaN | AD126: NaN | AE126: NaN | AF126: NaN | AG126: NaN | AH126: NaN | AI126: NaN | AJ126: NaN | AK126: NaN | AL126: NaN | AM126: NaN | AN126: NaN | AO126: NaN | AP126: NaN | AQ126: NaN | AR126: NaN | AS126: NaN | AT126: NaN | AU126: NaN | AV126: NaN | AW126: NaN | AX126: NaN | AY126: NaN | AZ126: NaN | BA126: NaN | BB126: NaN | BC126: NaN | BD126: NaN | BE126: NaN | BF126: -0.54476119 | BG126: -0.32910802 | BH126: -0.38777938 | BI126: -0.38045269 | BJ126: -0.34532543 | BK126: -0.36748642 | BL126: -0.32855648 | BM126: -0.35958387 | BN126: -0.36115284 | BO126: -0.33049305 | BP126: -0.33554745 | BQ126: -0.29832422 | BR126: -0.25549348 | BS126: -0.31078381 | BT126: -0.30292655 | BU126: -0.26834846 | BV126: -0.28556241 | BW126: -0.2504847 | BX126: -0.30476841 | BY126: -0.22039289 | BZ126: -0.28503134 | CA126: -0.27825915 | CB126: -0.24080856 | CC126: -0.35030068 | CD126: -0.26478934 | CE126: -0.40992529 | CF126: -0.40886337 | CG126: -0.43886886 | CH126: -0.46148826 | CI126: -0.45461692 | CJ126: -0.41131005 | CK126: -0.18272701 | CL126: -0.4311737 | CM126: -0.42599052 | CN126: -0.19143263 | CO126: -0.16684539 | CP126: -0.16439288 | CQ126: -0.42 | CR126: -0.44 | CS126: -0.45 | CT126: -0.45 | CU126: -0.45 | CV126: -0.42 | CW126: -0.42 | CX126: -0.5 | CY126: -0.5 | CZ126: -0.49 | DA126: -0.49 | DB126: -0.48 | DC126: -0.47 | DD126: -0.47 | DE126: -0.46 | DF126: -0.46 | DG126: -0.46 | DH126: -0.46 | DI126: -0.46 | DJ126: -0.47 | DK126: -0.46 | DL126: -0.46 | DM126: -0.45 | DN126: -0.45 | DO126: -0.45 | DP126: -0.49 | DQ126: -0.47 | DR126: -0.45 | DS126: -0.44 | DT126: -0.44 | DU126: -0.44 | DV126: -0.43 | DW126: -0.43 | DX126: -0.44 | DY126: -0.44 | DZ126: -0.44 | EA126: -0.45 | EB126: -0.48266 | EC126: -0.48225 | ED126: -0.47995 | EE126: -0.47202 | EF126: -0.47015
A127: 37437 | B127: NaN | C127: NaN | D127: NaN | E127: NaN | F127: NaN | G127: NaN | H127: NaN | I127: NaN | J127: NaN | K127: NaN | L127: NaN | M127: NaN | N127: NaN | O127: NaN | P127: NaN | Q127: NaN | R127: NaN | S127: NaN | T127: NaN | U127: NaN | V127: NaN | W127: NaN | X127: NaN | Y127: NaN | Z127: NaN | AA127: NaN | AB127: NaN | AC127: NaN | AD127: NaN | AE127: NaN | AF127: NaN | AG127: NaN | AH127: NaN | AI127: NaN | AJ127: NaN | AK127: NaN | AL127: NaN | AM127: NaN | AN127: NaN | AO127: NaN | AP127: NaN | AQ127: NaN | AR127: NaN | AS127: NaN | AT127: NaN | AU127: NaN | AV127: NaN | AW127: NaN | AX127: NaN | AY127: NaN | AZ127: NaN | BA127: NaN | BB127: NaN | BC127: NaN | BD127: NaN | BE127: NaN | BF127: NaN | BG127: -0.46844221 | BH127: -0.44588181 | BI127: -0.523635 | BJ127: -0.46270876 | BK127: -0.50737904 | BL127: -0.46913133 | BM127: -0.50264883 | BN127: -0.50439484 | BO127: -0.50904458 | BP127: -0.51994283 | BQ127: -0.5042774 | BR127: -0.43799245 | BS127: -0.50679662 | BT127: -0.47939754 | BU127: -0.41825375 | BV127: -0.46356502 | BW127: -0.40185172 | BX127: -0.48147426 | BY127: -0.39313855 | BZ127: -0.46510679 | CA127: -0.45733284 | CB127: -0.40366869 | CC127: -0.49786031 | CD127: -0.44776469 | CE127: -0.54531718 | CF127: -0.54205018 | CG127: -0.56672852 | CH127: -0.56850484 | CI127: -0.55558181 | CJ127: -0.52992037 | CK127: -0.38242782 | CL127: -0.542795 | CM127: -0.54045487 | CN127: -0.38549943 | CO127: -0.37839445 | CP127: -0.37564639 | CQ127: -0.47 | CR127: -0.49 | CS127: -0.49 | CT127: -0.5 | CU127: -0.5 | CV127: -0.47 | CW127: -0.46 | CX127: -0.54 | CY127: -0.53 | CZ127: -0.53 | DA127: -0.52 | DB127: -0.52 | DC127: -0.51 | DD127: -0.5 | DE127: -0.5 | DF127: -0.5 | DG127: -0.49 | DH127: -0.49 | DI127: -0.49 | DJ127: -0.49 | DK127: -0.49 | DL127: -0.49 | DM127: -0.48 | DN127: -0.48 | DO127: -0.47 | DP127: -0.51 | DQ127: -0.47 | DR127: -0.45 | DS127: -0.45 | DT127: -0.44 | DU127: -0.44 | DV127: -0.43 | DW127: -0.43 | DX127: -0.43 | DY127: -0.43 | DZ127: -0.44 | EA127: -0.45 | EB127: -0.50506 | EC127: -0.50464 | ED127: -0.5026 | EE127: -0.49566 | EF127: -0.49383
A128: 37529 | B128: NaN | C128: NaN | D128: NaN | E128: NaN | F128: NaN | G128: NaN | H128: NaN | I128: NaN | J128: NaN | K128: NaN | L128: NaN | M128: NaN | N128: NaN | O128: NaN | P128: NaN | Q128: NaN | R128: NaN | S128: NaN | T128: NaN | U128: NaN | V128: NaN | W128: NaN | X128: NaN | Y128: NaN | Z128: NaN | AA128: NaN | AB128: NaN | AC128: NaN | AD128: NaN | AE128: NaN | AF128: NaN | AG128: NaN | AH128: NaN | AI128: NaN | AJ128: NaN | AK128: NaN | AL128: NaN | AM128: NaN | AN128: NaN | AO128: NaN | AP128: NaN | AQ128: NaN | AR128: NaN | AS128: NaN | AT128: NaN | AU128: NaN | AV128: NaN | AW128: NaN | AX128: NaN | AY128: NaN | AZ128: NaN | BA128: NaN | BB128: NaN | BC128: NaN | BD128: NaN | BE128: NaN | BF128: NaN | BG128: NaN | BH128: -0.28485608 | BI128: -0.42216901 | BJ128: -0.29486938 | BK128: -0.41871648 | BL128: -0.30997994 | BM128: -0.41271044 | BN128: -0.41305838 | BO128: -0.39502658 | BP128: -0.3939381 | BQ128: -0.37046224 | BR128: -0.30294631 | BS128: -0.36763676 | BT128: -0.351735 | BU128: -0.23944162 | BV128: -0.33285643 | BW128: -0.25040219 | BX128: -0.35489761 | BY128: -0.27450577 | BZ128: -0.33774689 | CA128: -0.33277545 | CB128: -0.238854 | CC128: -0.39346601 | CD128: -0.32991534 | CE128: -0.41862221 | CF128: -0.42478929 | CG128: -0.43722255 | CH128: -0.43494949 | CI128: -0.42259131 | CJ128: -0.40190271 | CK128: -0.28646824 | CL128: -0.40327826 | CM128: -0.39772138 | CN128: -0.30009847 | CO128: -0.27726921 | CP128: -0.27456534 | CQ128: -0.3 | CR128: -0.34 | CS128: -0.34 | CT128: -0.34 | CU128: -0.34 | CV128: -0.3 | CW128: -0.29 | CX128: -0.34 | CY128: -0.33 | CZ128: -0.33 | DA128: -0.32 | DB128: -0.32 | DC128: -0.31 | DD128: -0.29 | DE128: -0.29 | DF128: -0.29 | DG128: -0.28 | DH128: -0.28 | DI128: -0.28 | DJ128: -0.29 | DK128: -0.28 | DL128: -0.28 | DM128: -0.27 | DN128: -0.27 | DO128: -0.26 | DP128: -0.31 | DQ128: -0.25 | DR128: -0.25 | DS128: -0.24 | DT128: -0.24 | DU128: -0.24 | DV128: -0.23 | DW128: -0.23 | DX128: -0.25 | DY128: -0.25 | DZ128: -0.26 | EA128: -0.27 | EB128: -0.33317 | EC128: -0.33501 | ED128: -0.33379 | EE128: -0.32603 | EF128: -0.32306
A129: 37621 | B129: NaN | C129: NaN | D129: NaN | E129: NaN | F129: NaN | G129: NaN | H129: NaN | I129: NaN | J129: NaN | K129: NaN | L129: NaN | M129: NaN | N129: NaN | O129: NaN | P129: NaN | Q129: NaN | R129: NaN | S129: NaN | T129: NaN | U129: NaN | V129: NaN | W129: NaN | X129: NaN | Y129: NaN | Z129: NaN | AA129: NaN | AB129: NaN | AC129: NaN | AD129: NaN | AE129: NaN | AF129: NaN | AG129: NaN | AH129: NaN | AI129: NaN | AJ129: NaN | AK129: NaN | AL129: NaN | AM129: NaN | AN129: NaN | AO129: NaN | AP129: NaN | AQ129: NaN | AR129: NaN | AS129: NaN | AT129: NaN | AU129: NaN | AV129: NaN | AW129: NaN | AX129: NaN | AY129: NaN | AZ129: NaN | BA129: NaN | BB129: NaN | BC129: NaN | BD129: NaN | BE129: NaN | BF129: NaN | BG129: NaN | BH129: NaN | BI129: -0.60714834 | BJ129: -0.42837847 | BK129: -0.52384537 | BL129: -0.42286599 | BM129: -0.5214128 | BN129: -0.52596342 | BO129: -0.51513769 | BP129: -0.53206166 | BQ129: -0.50757108 | BR129: -0.39945415 | BS129: -0.512893 | BT129: -0.48012603 | BU129: -0.35509314 | BV129: -0.45187535 | BW129: -0.34914369 | BX129: -0.49161744 | BY129: -0.35831496 | BZ129: -0.46757639 | CA129: -0.45840508 | CB129: -0.36287785 | CC129: -0.50709018 | CD129: -0.39051133 | CE129: -0.47663349 | CF129: -0.47036172 | CG129: -0.47150315 | CH129: -0.45021311 | CI129: -0.44020408 | CJ129: -0.41263155 | CK129: -0.26934306 | CL129: -0.41756541 | CM129: -0.40852348 | CN129: -0.27760175 | CO129: -0.25324959 | CP129: -0.25199272 | CQ129: -0.36 | CR129: -0.37 | CS129: -0.38 | CT129: -0.38 | CU129: -0.38 | CV129: -0.36 | CW129: -0.35 | CX129: -0.41 | CY129: -0.4 | CZ129: -0.4 | DA129: -0.39 | DB129: -0.39 | DC129: -0.38 | DD129: -0.37 | DE129: -0.37 | DF129: -0.37 | DG129: -0.37 | DH129: -0.37 | DI129: -0.37 | DJ129: -0.38 | DK129: -0.37 | DL129: -0.37 | DM129: -0.37 | DN129: -0.36 | DO129: -0.36 | DP129: -0.43 | DQ129: -0.36 | DR129: -0.36 | DS129: -0.36 | DT129: -0.35 | DU129: -0.35 | DV129: -0.35 | DW129: -0.35 | DX129: -0.35 | DY129: -0.35 | DZ129: -0.36 | EA129: -0.37 | EB129: -0.42108 | EC129: -0.42156 | ED129: -0.42014 | EE129: -0.41274 | EF129: -0.41047
A130: 37711 | B130: NaN | C130: NaN | D130: NaN | E130: NaN | F130: NaN | G130: NaN | H130: NaN | I130: NaN | J130: NaN | K130: NaN | L130: NaN | M130: NaN | N130: NaN | O130: NaN | P130: NaN | Q130: NaN | R130: NaN | S130: NaN | T130: NaN | U130: NaN | V130: NaN | W130: NaN | X130: NaN | Y130: NaN | Z130: NaN | AA130: NaN | AB130: NaN | AC130: NaN | AD130: NaN | AE130: NaN | AF130: NaN | AG130: NaN | AH130: NaN | AI130: NaN | AJ130: NaN | AK130: NaN | AL130: NaN | AM130: NaN | AN130: NaN | AO130: NaN | AP130: NaN | AQ130: NaN | AR130: NaN | AS130: NaN | AT130: NaN | AU130: NaN | AV130: NaN | AW130: NaN | AX130: NaN | AY130: NaN | AZ130: NaN | BA130: NaN | BB130: NaN | BC130: NaN | BD130: NaN | BE130: NaN | BF130: NaN | BG130: NaN | BH130: NaN | BI130: NaN | BJ130: -0.65659198 | BK130: -0.67980797 | BL130: -0.56316625 | BM130: -0.67455958 | BN130: -0.67765855 | BO130: -0.65990043 | BP130: -0.66798395 | BQ130: -0.63935425 | BR130: -0.54492989 | BS130: -0.64936368 | BT130: -0.61950682 | BU130: -0.51378222 | BV130: -0.60297772 | BW130: -0.49734708 | BX130: -0.63625364 | BY130: -0.49799906 | BZ130: -0.6121032 | CA130: -0.60342291 | CB130: -0.4822306 | CC130: -0.65848275 | CD130: -0.52946977 | CE130: -0.63361204 | CF130: -0.61292735 | CG130: -0.5897713 | CH130: -0.56691989 | CI130: -0.55024342 | CJ130: -0.52303847 | CK130: -0.37787613 | CL130: -0.52539094 | CM130: -0.52270021 | CN130: -0.37944585 | CO130: -0.36791546 | CP130: -0.36614488 | CQ130: -0.51 | CR130: -0.53 | CS130: -0.53 | CT130: -0.53 | CU130: -0.53 | CV130: -0.51 | CW130: -0.5 | CX130: -0.54 | CY130: -0.54 | CZ130: -0.54 | DA130: -0.53 | DB130: -0.53 | DC130: -0.52 | DD130: -0.52 | DE130: -0.51 | DF130: -0.5 | DG130: -0.51 | DH130: -0.5 | DI130: -0.5 | DJ130: -0.5 | DK130: -0.5 | DL130: -0.51 | DM130: -0.5 | DN130: -0.5 | DO130: -0.49 | DP130: -0.52 | DQ130: -0.48 | DR130: -0.47 | DS130: -0.47 | DT130: -0.46 | DU130: -0.46 | DV130: -0.45 | DW130: -0.45 | DX130: -0.45 | DY130: -0.45 | DZ130: -0.45 | EA130: -0.46 | EB130: -0.53205 | EC130: -0.53233 | ED130: -0.53095 | EE130: -0.52427 | EF130: -0.52252
A131: 37802 | B131: NaN | C131: NaN | D131: NaN | E131: NaN | F131: NaN | G131: NaN | H131: NaN | I131: NaN | J131: NaN | K131: NaN | L131: NaN | M131: NaN | N131: NaN | O131: NaN | P131: NaN | Q131: NaN | R131: NaN | S131: NaN | T131: NaN | U131: NaN | V131: NaN | W131: NaN | X131: NaN | Y131: NaN | Z131: NaN | AA131: NaN | AB131: NaN | AC131: NaN | AD131: NaN | AE131: NaN | AF131: NaN | AG131: NaN | AH131: NaN | AI131: NaN | AJ131: NaN | AK131: NaN | AL131: NaN | AM131: NaN | AN131: NaN | AO131: NaN | AP131: NaN | AQ131: NaN | AR131: NaN | AS131: NaN | AT131: NaN | AU131: NaN | AV131: NaN | AW131: NaN | AX131: NaN | AY131: NaN | AZ131: NaN | BA131: NaN | BB131: NaN | BC131: NaN | BD131: NaN | BE131: NaN | BF131: NaN | BG131: NaN | BH131: NaN | BI131: NaN | BJ131: NaN | BK131: -0.87289104 | BL131: -0.6522846 | BM131: -0.80852943 | BN131: -0.8146667 | BO131: -0.78809431 | BP131: -0.7915621 | BQ131: -0.76370615 | BR131: -0.65436478 | BS131: -0.76858727 | BT131: -0.74107778 | BU131: -0.61147484 | BV131: -0.72490643 | BW131: -0.5937715 | BX131: -0.76169655 | BY131: -0.6027881 | BZ131: -0.73385377 | CA131: -0.72517385 | CB131: -0.59625034 | CC131: -0.79791268 | CD131: -0.6185894 | CE131: -0.70517965 | CF131: -0.67664065 | CG131: -0.67107284 | CH131: -0.64521057 | CI131: -0.62480439 | CJ131: -0.60338176 | CK131: -0.48258637 | CL131: -0.62145785 | CM131: -0.6314991 | CN131: -0.48339346 | CO131: -0.49069168 | CP131: -0.48925877 | CQ131: -0.7 | CR131: -0.72 | CS131: -0.72 | CT131: -0.72 | CU131: -0.72 | CV131: -0.71 | CW131: -0.7 | CX131: -0.71 | CY131: -0.71 | CZ131: -0.7 | DA131: -0.7 | DB131: -0.71 | DC131: -0.7 | DD131: -0.69 | DE131: -0.69 | DF131: -0.68 | DG131: -0.68 | DH131: -0.67 | DI131: -0.67 | DJ131: -0.66 | DK131: -0.67 | DL131: -0.68 | DM131: -0.68 | DN131: -0.67 | DO131: -0.67 | DP131: -0.68 | DQ131: -0.64 | DR131: -0.63 | DS131: -0.62 | DT131: -0.61 | DU131: -0.61 | DV131: -0.6 | DW131: -0.6 | DX131: -0.6 | DY131: -0.6 | DZ131: -0.6 | EA131: -0.6 | EB131: -0.69394 | EC131: -0.69302 | ED131: -0.69033 | EE131: -0.68329 | EF131: -0.68192
A132: 37894 | B132: NaN | C132: NaN | D132: NaN | E132: NaN | F132: NaN | G132: NaN | H132: NaN | I132: NaN | J132: NaN | K132: NaN | L132: NaN | M132: NaN | N132: NaN | O132: NaN | P132: NaN | Q132: NaN | R132: NaN | S132: NaN | T132: NaN | U132: NaN | V132: NaN | W132: NaN | X132: NaN | Y132: NaN | Z132: NaN | AA132: NaN | AB132: NaN | AC132: NaN | AD132: NaN | AE132: NaN | AF132: NaN | AG132: NaN | AH132: NaN | AI132: NaN | AJ132: NaN | AK132: NaN | AL132: NaN | AM132: NaN | AN132: NaN | AO132: NaN | AP132: NaN | AQ132: NaN | AR132: NaN | AS132: NaN | AT132: NaN | AU132: NaN | AV132: NaN | AW132: NaN | AX132: NaN | AY132: NaN | AZ132: NaN | BA132: NaN | BB132: NaN | BC132: NaN | BD132: NaN | BE132: NaN | BF132: NaN | BG132: NaN | BH132: NaN | BI132: NaN | BJ132: NaN | BK132: NaN | BL132: -0.8072702 | BM132: -0.74968648 | BN132: -0.75330681 | BO132: -0.76013098 | BP132: -0.76342035 | BQ132: -0.75766891 | BR132: -0.68455411 | BS132: -0.74554561 | BT132: -0.71759719 | BU132: -0.66901913 | BV132: -0.70700177 | BW132: -0.63668491 | BX132: -0.72453392 | BY132: -0.63195056 | BZ132: -0.70756286 | CA132: -0.69898434 | CB132: -0.62947786 | CC132: -0.72537653 | CD132: -0.67149448 | CE132: -0.70257548 | CF132: -0.66065815 | CG132: -0.68377853 | CH132: -0.63031482 | CI132: -0.60621468 | CJ132: -0.59133082 | CK132: -0.53184164 | CL132: -0.59733238 | CM132: -0.60359319 | CN132: -0.52828503 | CO132: -0.53897843 | CP132: -0.53909071 | CQ132: -0.65 | CR132: -0.68 | CS132: -0.67 | CT132: -0.68 | CU132: -0.68 | CV132: -0.66 | CW132: -0.66 | CX132: -0.65 | CY132: -0.65 | CZ132: -0.65 | DA132: -0.64 | DB132: -0.65 | DC132: -0.64 | DD132: -0.64 | DE132: -0.63 | DF132: -0.62 | DG132: -0.63 | DH132: -0.62 | DI132: -0.62 | DJ132: -0.61 | DK132: -0.62 | DL132: -0.63 | DM132: -0.63 | DN132: -0.62 | DO132: -0.62 | DP132: -0.64 | DQ132: -0.61 | DR132: -0.6 | DS132: -0.6 | DT132: -0.59 | DU132: -0.59 | DV132: -0.58 | DW132: -0.58 | DX132: -0.57 | DY132: -0.57 | DZ132: -0.57 | EA132: -0.57 | EB132: -0.64982 | EC132: -0.64784 | ED132: -0.6453 | EE132: -0.64127 | EF132: -0.64041
A133: 37986 | B133: NaN | C133: NaN | D133: NaN | E133: NaN | F133: NaN | G133: NaN | H133: NaN | I133: NaN | J133: NaN | K133: NaN | L133: NaN | M133: NaN | N133: NaN | O133: NaN | P133: NaN | Q133: NaN | R133: NaN | S133: NaN | T133: NaN | U133: NaN | V133: NaN | W133: NaN | X133: NaN | Y133: NaN | Z133: NaN | AA133: NaN | AB133: NaN | AC133: NaN | AD133: NaN | AE133: NaN | AF133: NaN | AG133: NaN | AH133: NaN | AI133: NaN | AJ133: NaN | AK133: NaN | AL133: NaN | AM133: NaN | AN133: NaN | AO133: NaN | AP133: NaN | AQ133: NaN | AR133: NaN | AS133: NaN | AT133: NaN | AU133: NaN | AV133: NaN | AW133: NaN | AX133: NaN | AY133: NaN | AZ133: NaN | BA133: NaN | BB133: NaN | BC133: NaN | BD133: NaN | BE133: NaN | BF133: NaN | BG133: NaN | BH133: NaN | BI133: NaN | BJ133: NaN | BK133: NaN | BL133: NaN | BM133: -0.73595996 | BN133: -0.73357909 | BO133: -0.7638464 | BP133: -0.77757095 | BQ133: -0.77990166 | BR133: -0.71348356 | BS133: -0.77119199 | BT133: -0.73881886 | BU133: -0.71175846 | BV133: -0.72320832 | BW133: -0.67480443 | BX133: -0.7422564 | BY133: -0.65801287 | BZ133: -0.72418806 | CA133: -0.71570119 | CB133: -0.65876459 | CC133: -0.69375788 | CD133: -0.67687347 | CE133: -0.70987498 | CF133: -0.68071338 | CG133: -0.70799601 | CH133: -0.67465207 | CI133: -0.66078008 | CJ133: -0.6491038 | CK133: -0.59437383 | CL133: -0.65738056 | CM133: -0.66360968 | CN133: -0.58620971 | CO133: -0.60326831 | CP133: -0.60236285 | CQ133: -0.73 | CR133: -0.74 | CS133: -0.74 | CT133: -0.74 | CU133: -0.74 | CV133: -0.74 | CW133: -0.73 | CX133: -0.73 | CY133: -0.73 | CZ133: -0.73 | DA133: -0.72 | DB133: -0.73 | DC133: -0.72 | DD133: -0.72 | DE133: -0.71 | DF133: -0.71 | DG133: -0.7 | DH133: -0.7 | DI133: -0.7 | DJ133: -0.69 | DK133: -0.7 | DL133: -0.7 | DM133: -0.7 | DN133: -0.69 | DO133: -0.69 | DP133: -0.71 | DQ133: -0.7 | DR133: -0.69 | DS133: -0.69 | DT133: -0.68 | DU133: -0.67 | DV133: -0.67 | DW133: -0.67 | DX133: -0.66 | DY133: -0.66 | DZ133: -0.65 | EA133: -0.66 | EB133: -0.72559 | EC133: -0.72338 | ED133: -0.72013 | EE133: -0.7162 | EF133: -0.71579
A134: 38077 | B134: NaN | C134: NaN | D134: NaN | E134: NaN | F134: NaN | G134: NaN | H134: NaN | I134: NaN | J134: NaN | K134: NaN | L134: NaN | M134: NaN | N134: NaN | O134: NaN | P134: NaN | Q134: NaN | R134: NaN | S134: NaN | T134: NaN | U134: NaN | V134: NaN | W134: NaN | X134: NaN | Y134: NaN | Z134: NaN | AA134: NaN | AB134: NaN | AC134: NaN | AD134: NaN | AE134: NaN | AF134: NaN | AG134: NaN | AH134: NaN | AI134: NaN | AJ134: NaN | AK134: NaN | AL134: NaN | AM134: NaN | AN134: NaN | AO134: NaN | AP134: NaN | AQ134: NaN | AR134: NaN | AS134: NaN | AT134: NaN | AU134: NaN | AV134: NaN | AW134: NaN | AX134: NaN | AY134: NaN | AZ134: NaN | BA134: NaN | BB134: NaN | BC134: NaN | BD134: NaN | BE134: NaN | BF134: NaN | BG134: NaN | BH134: NaN | BI134: NaN | BJ134: NaN | BK134: NaN | BL134: NaN | BM134: NaN | BN134: -0.78616392 | BO134: -0.82873026 | BP134: -0.84357662 | BQ134: -0.85201502 | BR134: -0.82237522 | BS134: -0.84116706 | BT134: -0.81381957 | BU134: -0.83349743 | BV134: -0.81130647 | BW134: -0.79065271 | BX134: -0.81387624 | BY134: -0.7652217 | BZ134: -0.80322485 | CA134: -0.79938979 | CB134: -0.77097931 | CC134: -0.76911553 | CD134: -0.78301517 | CE134: -0.81130001 | CF134: -0.78220203 | CG134: -0.82708118 | CH134: -0.79128158 | CI134: -0.78170591 | CJ134: -0.77641639 | CK134: -0.750403 | CL134: -0.77994847 | CM134: -0.79048564 | CN134: -0.73307243 | CO134: -0.76727901 | CP134: -0.76656605 | CQ134: -0.84 | CR134: -0.87 | CS134: -0.86 | CT134: -0.86 | CU134: -0.86 | CV134: -0.85 | CW134: -0.85 | CX134: -0.84 | CY134: -0.84 | CZ134: -0.84 | DA134: -0.83 | DB134: -0.84 | DC134: -0.84 | DD134: -0.83 | DE134: -0.82 | DF134: -0.82 | DG134: -0.82 | DH134: -0.81 | DI134: -0.8 | DJ134: -0.8 | DK134: -0.81 | DL134: -0.82 | DM134: -0.81 | DN134: -0.81 | DO134: -0.8 | DP134: -0.81 | DQ134: -0.78 | DR134: -0.78 | DS134: -0.77 | DT134: -0.76 | DU134: -0.75 | DV134: -0.75 | DW134: -0.74 | DX134: -0.73 | DY134: -0.73 | DZ134: -0.72 | EA134: -0.73 | EB134: -0.80852 | EC134: -0.80552 | ED134: -0.8019 | EE134: -0.79705 | EF134: -0.7968
A135: 38168 | B135: NaN | C135: NaN | D135: NaN | E135: NaN | F135: NaN | G135: NaN | H135: NaN | I135: NaN | J135: NaN | K135: NaN | L135: NaN | M135: NaN | N135: NaN | O135: NaN | P135: NaN | Q135: NaN | R135: NaN | S135: NaN | T135: NaN | U135: NaN | V135: NaN | W135: NaN | X135: NaN | Y135: NaN | Z135: NaN | AA135: NaN | AB135: NaN | AC135: NaN | AD135: NaN | AE135: NaN | AF135: NaN | AG135: NaN | AH135: NaN | AI135: NaN | AJ135: NaN | AK135: NaN | AL135: NaN | AM135: NaN | AN135: NaN | AO135: NaN | AP135: NaN | AQ135: NaN | AR135: NaN | AS135: NaN | AT135: NaN | AU135: NaN | AV135: NaN | AW135: NaN | AX135: NaN | AY135: NaN | AZ135: NaN | BA135: NaN | BB135: NaN | BC135: NaN | BD135: NaN | BE135: NaN | BF135: NaN | BG135: NaN | BH135: NaN | BI135: NaN | BJ135: NaN | BK135: NaN | BL135: NaN | BM135: NaN | BN135: NaN | BO135: -0.64954029 | BP135: -0.70436196 | BQ135: -0.72949694 | BR135: -0.74860064 | BS135: -0.71240879 | BT135: -0.6873639 | BU135: -0.79220747 | BV135: -0.6843501 | BW135: -0.7390952 | BX135: -0.66935904 | BY135: -0.68751597 | BZ135: -0.66515721 | CA135: -0.66364853 | CB135: -0.71732229 | CC135: -0.60965319 | CD135: -0.72308954 | CE135: -0.71855546 | CF135: -0.70472315 | CG135: -0.77131082 | CH135: -0.75774705 | CI135: -0.75813926 | CJ135: -0.76582902 | CK135: -0.78050662 | CL135: -0.76279526 | CM135: -0.76720657 | CN135: -0.7574669 | CO135: -0.79200715 | CP135: -0.79004276 | CQ135: -0.76 | CR135: -0.77 | CS135: -0.76 | CT135: -0.77 | CU135: -0.76 | CV135: -0.76 | CW135: -0.76 | CX135: -0.76 | CY135: -0.76 | CZ135: -0.76 | DA135: -0.75 | DB135: -0.75 | DC135: -0.75 | DD135: -0.74 | DE135: -0.73 | DF135: -0.73 | DG135: -0.72 | DH135: -0.72 | DI135: -0.72 | DJ135: -0.72 | DK135: -0.72 | DL135: -0.72 | DM135: -0.72 | DN135: -0.72 | DO135: -0.71 | DP135: -0.73 | DQ135: -0.72 | DR135: -0.72 | DS135: -0.71 | DT135: -0.71 | DU135: -0.7 | DV135: -0.7 | DW135: -0.69 | DX135: -0.68 | DY135: -0.68 | DZ135: -0.67 | EA135: -0.68 | EB135: -0.71851 | EC135: -0.71526 | ED135: -0.71127 | EE135: -0.70752 | EF135: -0.70712
A136: 38260 | B136: NaN | C136: NaN | D136: NaN | E136: NaN | F136: NaN | G136: NaN | H136: NaN | I136: NaN | J136: NaN | K136: NaN | L136: NaN | M136: NaN | N136: NaN | O136: NaN | P136: NaN | Q136: NaN | R136: NaN | S136: NaN | T136: NaN | U136: NaN | V136: NaN | W136: NaN | X136: NaN | Y136: NaN | Z136: NaN | AA136: NaN | AB136: NaN | AC136: NaN | AD136: NaN | AE136: NaN | AF136: NaN | AG136: NaN | AH136: NaN | AI136: NaN | AJ136: NaN | AK136: NaN | AL136: NaN | AM136: NaN | AN136: NaN | AO136: NaN | AP136: NaN | AQ136: NaN | AR136: NaN | AS136: NaN | AT136: NaN | AU136: NaN | AV136: NaN | AW136: NaN | AX136: NaN | AY136: NaN | AZ136: NaN | BA136: NaN | BB136: NaN | BC136: NaN | BD136: NaN | BE136: NaN | BF136: NaN | BG136: NaN | BH136: NaN | BI136: NaN | BJ136: NaN | BK136: NaN | BL136: NaN | BM136: NaN | BN136: NaN | BO136: NaN | BP136: -0.71933904 | BQ136: -0.74829339 | BR136: -0.72467709 | BS136: -0.73278209 | BT136: -0.70962652 | BU136: -0.7288257 | BV136: -0.70002966 | BW136: -0.6911724 | BX136: -0.70041012 | BY136: -0.67049302 | BZ136: -0.69075002 | CA136: -0.68664305 | CB136: -0.67989464 | CC136: -0.65813925 | CD136: -0.68954335 | CE136: -0.69277624 | CF136: -0.67436524 | CG136: -0.72015403 | CH136: -0.69343667 | CI136: -0.68677833 | CJ136: -0.6951321 | CK136: -0.70754957 | CL136: -0.6988057 | CM136: -0.70919897 | CN136: -0.69036195 | CO136: -0.72161672 | CP136: -0.72129353 | CQ136: -0.76 | CR136: -0.77 | CS136: -0.77 | CT136: -0.77 | CU136: -0.77 | CV136: -0.77 | CW136: -0.77 | CX136: -0.76 | CY136: -0.75 | CZ136: -0.75 | DA136: -0.75 | DB136: -0.75 | DC136: -0.75 | DD136: -0.74 | DE136: -0.73 | DF136: -0.73 | DG136: -0.73 | DH136: -0.72 | DI136: -0.72 | DJ136: -0.71 | DK136: -0.72 | DL136: -0.73 | DM136: -0.73 | DN136: -0.72 | DO136: -0.72 | DP136: -0.73 | DQ136: -0.71 | DR136: -0.71 | DS136: -0.7 | DT136: -0.7 | DU136: -0.69 | DV136: -0.68 | DW136: -0.68 | DX136: -0.67 | DY136: -0.67 | DZ136: -0.66 | EA136: -0.67 | EB136: -0.7214 | EC136: -0.71797 | ED136: -0.71456 | EE136: -0.70983 | EF136: -0.70936
A137: 38352 | B137: NaN | C137: NaN | D137: NaN | E137: NaN | F137: NaN | G137: NaN | H137: NaN | I137: NaN | J137: NaN | K137: NaN | L137: NaN | M137: NaN | N137: NaN | O137: NaN | P137: NaN | Q137: NaN | R137: NaN | S137: NaN | T137: NaN | U137: NaN | V137: NaN | W137: NaN | X137: NaN | Y137: NaN | Z137: NaN | AA137: NaN | AB137: NaN | AC137: NaN | AD137: NaN | AE137: NaN | AF137: NaN | AG137: NaN | AH137: NaN | AI137: NaN | AJ137: NaN | AK137: NaN | AL137: NaN | AM137: NaN | AN137: NaN | AO137: NaN | AP137: NaN | AQ137: NaN | AR137: NaN | AS137: NaN | AT137: NaN | AU137: NaN | AV137: NaN | AW137: NaN | AX137: NaN | AY137: NaN | AZ137: NaN | BA137: NaN | BB137: NaN | BC137: NaN | BD137: NaN | BE137: NaN | BF137: NaN | BG137: NaN | BH137: NaN | BI137: NaN | BJ137: NaN | BK137: NaN | BL137: NaN | BM137: NaN | BN137: NaN | BO137: NaN | BP137: NaN | BQ137: -0.68953128 | BR137: -0.72966206 | BS137: -0.73569789 | BT137: -0.70569019 | BU137: -0.73067306 | BV137: -0.69596914 | BW137: -0.69929003 | BX137: -0.6926694 | BY137: -0.67609628 | BZ137: -0.6851441 | CA137: -0.68273507 | CB137: -0.69027113 | CC137: -0.61547973 | CD137: -0.67331447 | CE137: -0.66944254 | CF137: -0.66879555 | CG137: -0.70069169 | CH137: -0.69320313 | CI137: -0.70649726 | CJ137: -0.72690627 | CK137: -0.76147186 | CL137: -0.72855063 | CM137: -0.73346245 | CN137: -0.74104894 | CO137: -0.77239505 | CP137: -0.77153423 | CQ137: -0.84 | CR137: -0.84 | CS137: -0.84 | CT137: -0.84 | CU137: -0.83 | CV137: -0.84 | CW137: -0.84 | CX137: -0.79 | CY137: -0.79 | CZ137: -0.79 | DA137: -0.79 | DB137: -0.78 | DC137: -0.78 | DD137: -0.77 | DE137: -0.77 | DF137: -0.77 | DG137: -0.77 | DH137: -0.76 | DI137: -0.76 | DJ137: -0.76 | DK137: -0.75 | DL137: -0.75 | DM137: -0.75 | DN137: -0.75 | DO137: -0.74 | DP137: -0.75 | DQ137: -0.75 | DR137: -0.75 | DS137: -0.74 | DT137: -0.73 | DU137: -0.73 | DV137: -0.72 | DW137: -0.72 | DX137: -0.7 | DY137: -0.7 | DZ137: -0.69 | EA137: -0.69 | EB137: -0.73094 | EC137: -0.72793 | ED137: -0.72453 | EE137: -0.72149 | EF137: -0.72118
A138: 38442 | B138: NaN | C138: NaN | D138: NaN | E138: NaN | F138: NaN | G138: NaN | H138: NaN | I138: NaN | J138: NaN | K138: NaN | L138: NaN | M138: NaN | N138: NaN | O138: NaN | P138: NaN | Q138: NaN | R138: NaN | S138: NaN | T138: NaN | U138: NaN | V138: NaN | W138: NaN | X138: NaN | Y138: NaN | Z138: NaN | AA138: NaN | AB138: NaN | AC138: NaN | AD138: NaN | AE138: NaN | AF138: NaN | AG138: NaN | AH138: NaN | AI138: NaN | AJ138: NaN | AK138: NaN | AL138: NaN | AM138: NaN | AN138: NaN | AO138: NaN | AP138: NaN | AQ138: NaN | AR138: NaN | AS138: NaN | AT138: NaN | AU138: NaN | AV138: NaN | AW138: NaN | AX138: NaN | AY138: NaN | AZ138: NaN | BA138: NaN | BB138: NaN | BC138: NaN | BD138: NaN | BE138: NaN | BF138: NaN | BG138: NaN | BH138: NaN | BI138: NaN | BJ138: NaN | BK138: NaN | BL138: NaN | BM138: NaN | BN138: NaN | BO138: NaN | BP138: NaN | BQ138: NaN | BR138: -0.60718521 | BS138: -0.68318395 | BT138: -0.65959765 | BU138: -0.71250447 | BV138: -0.65599948 | BW138: -0.68107003 | BX138: -0.65500335 | BY138: -0.65154033 | BZ138: -0.64756442 | CA138: -0.64672614 | CB138: -0.67053097 | CC138: -0.58393842 | CD138: -0.66294958 | CE138: -0.66213637 | CF138: -0.65875787 | CG138: -0.69743389 | CH138: -0.68981344 | CI138: -0.70270476 | CJ138: -0.72029976 | CK138: -0.76197481 | CL138: -0.71865539 | CM138: -0.72434016 | CN138: -0.73889813 | CO138: -0.77450607 | CP138: -0.77262021 | CQ138: -0.89 | CR138: -0.87 | CS138: -0.89 | CT138: -0.89 | CU138: -0.89 | CV138: -0.89 | CW138: -0.89 | CX138: -0.84 | CY138: -0.84 | CZ138: -0.83 | DA138: -0.83 | DB138: -0.82 | DC138: -0.81 | DD138: -0.81 | DE138: -0.8 | DF138: -0.8 | DG138: -0.79 | DH138: -0.79 | DI138: -0.79 | DJ138: -0.78 | DK138: -0.76 | DL138: -0.76 | DM138: -0.75 | DN138: -0.75 | DO138: -0.75 | DP138: -0.73 | DQ138: -0.73 | DR138: -0.72 | DS138: -0.72 | DT138: -0.71 | DU138: -0.7 | DV138: -0.7 | DW138: -0.7 | DX138: -0.68 | DY138: -0.68 | DZ138: -0.67 | EA138: -0.67 | EB138: -0.71378 | EC138: -0.70973 | ED138: -0.70639 | EE138: -0.70308 | EF138: -0.70298
A139: 38533 | B139: NaN | C139: NaN | D139: NaN | E139: NaN | F139: NaN | G139: NaN | H139: NaN | I139: NaN | J139: NaN | K139: NaN | L139: NaN | M139: NaN | N139: NaN | O139: NaN | P139: NaN | Q139: NaN | R139: NaN | S139: NaN | T139: NaN | U139: NaN | V139: NaN | W139: NaN | X139: NaN | Y139: NaN | Z139: NaN | AA139: NaN | AB139: NaN | AC139: NaN | AD139: NaN | AE139: NaN | AF139: NaN | AG139: NaN | AH139: NaN | AI139: NaN | AJ139: NaN | AK139: NaN | AL139: NaN | AM139: NaN | AN139: NaN | AO139: NaN | AP139: NaN | AQ139: NaN | AR139: NaN | AS139: NaN | AT139: NaN | AU139: NaN | AV139: NaN | AW139: NaN | AX139: NaN | AY139: NaN | AZ139: NaN | BA139: NaN | BB139: NaN | BC139: NaN | BD139: NaN | BE139: NaN | BF139: NaN | BG139: NaN | BH139: NaN | BI139: NaN | BJ139: NaN | BK139: NaN | BL139: NaN | BM139: NaN | BN139: NaN | BO139: NaN | BP139: NaN | BQ139: NaN | BR139: NaN | BS139: -0.6574623 | BT139: -0.68625808 | BU139: -0.72046387 | BV139: -0.6699379 | BW139: -0.69224677 | BX139: -0.6614327 | BY139: -0.67258263 | BZ139: -0.65876656 | CA139: -0.65758542 | CB139: -0.68869656 | CC139: -0.59141139 | CD139: -0.64417716 | CE139: -0.60025663 | CF139: -0.6050818 | CG139: -0.64824855 | CH139: -0.63344334 | CI139: -0.64431706 | CJ139: -0.68070872 | CK139: -0.78314784 | CL139: -0.6829093 | CM139: -0.69024292 | CN139: -0.76272507 | CO139: -0.79950132 | CP139: -0.79836318 | CQ139: -0.76 | CR139: -0.73 | CS139: -0.77 | CT139: -0.77 | CU139: -0.77 | CV139: -0.78 | CW139: -0.77 | CX139: -0.75 | CY139: -0.74 | CZ139: -0.74 | DA139: -0.73 | DB139: -0.73 | DC139: -0.72 | DD139: -0.72 | DE139: -0.72 | DF139: -0.71 | DG139: -0.71 | DH139: -0.71 | DI139: -0.7 | DJ139: -0.7 | DK139: -0.65 | DL139: -0.65 | DM139: -0.65 | DN139: -0.65 | DO139: -0.64 | DP139: -0.64 | DQ139: -0.64 | DR139: -0.64 | DS139: -0.63 | DT139: -0.63 | DU139: -0.62 | DV139: -0.62 | DW139: -0.62 | DX139: -0.61 | DY139: -0.6 | DZ139: -0.6 | EA139: -0.6 | EB139: -0.64759 | EC139: -0.64521 | ED139: -0.64209 | EE139: -0.63921 | EF139: -0.63864
A140: 38625 | B140: NaN | C140: NaN | D140: NaN | E140: NaN | F140: NaN | G140: NaN | H140: NaN | I140: NaN | J140: NaN | K140: NaN | L140: NaN | M140: NaN | N140: NaN | O140: NaN | P140: NaN | Q140: NaN | R140: NaN | S140: NaN | T140: NaN | U140: NaN | V140: NaN | W140: NaN | X140: NaN | Y140: NaN | Z140: NaN | AA140: NaN | AB140: NaN | AC140: NaN | AD140: NaN | AE140: NaN | AF140: NaN | AG140: NaN | AH140: NaN | AI140: NaN | AJ140: NaN | AK140: NaN | AL140: NaN | AM140: NaN | AN140: NaN | AO140: NaN | AP140: NaN | AQ140: NaN | AR140: NaN | AS140: NaN | AT140: NaN | AU140: NaN | AV140: NaN | AW140: NaN | AX140: NaN | AY140: NaN | AZ140: NaN | BA140: NaN | BB140: NaN | BC140: NaN | BD140: NaN | BE140: NaN | BF140: NaN | BG140: NaN | BH140: NaN | BI140: NaN | BJ140: NaN | BK140: NaN | BL140: NaN | BM140: NaN | BN140: NaN | BO140: NaN | BP140: NaN | BQ140: NaN | BR140: NaN | BS140: NaN | BT140: -0.58056966 | BU140: -0.58683776 | BV140: -0.56272982 | BW140: -0.57234992 | BX140: -0.55571453 | BY140: -0.55864026 | BZ140: -0.55225597 | CA140: -0.55225183 | CB140: -0.5535272 | CC140: -0.47948065 | CD140: -0.52391958 | CE140: -0.52365263 | CF140: -0.54461204 | CG140: -0.57237989 | CH140: -0.58689384 | CI140: -0.60539074 | CJ140: -0.62989488 | CK140: -0.67884842 | CL140: -0.63345706 | CM140: -0.63589656 | CN140: -0.65984772 | CO140: -0.68628165 | CP140: -0.68505159 | CQ140: -0.72 | CR140: -0.7 | CS140: -0.72 | CT140: -0.71 | CU140: -0.71 | CV140: -0.71 | CW140: -0.71 | CX140: -0.71 | CY140: -0.7 | CZ140: -0.7 | DA140: -0.7 | DB140: -0.68 | DC140: -0.68 | DD140: -0.67 | DE140: -0.67 | DF140: -0.67 | DG140: -0.67 | DH140: -0.67 | DI140: -0.67 | DJ140: -0.67 | DK140: -0.61 | DL140: -0.6 | DM140: -0.6 | DN140: -0.6 | DO140: -0.6 | DP140: -0.62 | DQ140: -0.62 | DR140: -0.62 | DS140: -0.62 | DT140: -0.62 | DU140: -0.61 | DV140: -0.61 | DW140: -0.6 | DX140: -0.6 | DY140: -0.6 | DZ140: -0.59 | EA140: -0.59 | EB140: -0.61238 | EC140: -0.60947 | ED140: -0.60669 | EE140: -0.60418 | EF140: -0.60345
